image_id,image_path,filename
26561,myntradataset\images\26561.jpg,26561.jpg
25982,myntradataset\images\25982.jpg,25982.jpg
26814,myntradataset\images\26814.jpg,26814.jpg
59087,myntradataset\images\59087.jpg,59087.jpg
12275,myntradataset\images\12275.jpg,12275.jpg
57727,myntradataset\images\57727.jpg,57727.jpg
12543,myntradataset\images\12543.jpg,12543.jpg
11130,myntradataset\images\11130.jpg,11130.jpg
25789,myntradataset\images\25789.jpg,25789.jpg
13174,myntradataset\images\13174.jpg,13174.jpg
24285,myntradataset\images\24285.jpg,24285.jpg
2007,myntradataset\images\2007.jpg,2007.jpg
2115,myntradataset\images\2115.jpg,2115.jpg
13954,myntradataset\images\13954.jpg,13954.jpg
11328,myntradataset\images\11328.jpg,11328.jpg
10083,myntradataset\images\10083.jpg,10083.jpg
17631,myntradataset\images\17631.jpg,17631.jpg
26224,myntradataset\images\26224.jpg,26224.jpg
33864,myntradataset\images\33864.jpg,33864.jpg
19696,myntradataset\images\19696.jpg,19696.jpg
16956,myntradataset\images\16956.jpg,16956.jpg
14497,myntradataset\images\14497.jpg,14497.jpg
3372,myntradataset\images\3372.jpg,3372.jpg
27158,myntradataset\images\27158.jpg,27158.jpg
50021,myntradataset\images\50021.jpg,50021.jpg
10202,myntradataset\images\10202.jpg,10202.jpg
1552,myntradataset\images\1552.jpg,1552.jpg
49078,myntradataset\images\49078.jpg,49078.jpg
15329,myntradataset\images\15329.jpg,15329.jpg
12812,myntradataset\images\12812.jpg,12812.jpg
26402,myntradataset\images\26402.jpg,26402.jpg
8611,myntradataset\images\8611.jpg,8611.jpg
24094,myntradataset\images\24094.jpg,24094.jpg
34118,myntradataset\images\34118.jpg,34118.jpg
22771,myntradataset\images\22771.jpg,22771.jpg
24112,myntradataset\images\24112.jpg,24112.jpg
2322,myntradataset\images\2322.jpg,2322.jpg
1847,myntradataset\images\1847.jpg,1847.jpg
54089,myntradataset\images\54089.jpg,54089.jpg
23280,myntradataset\images\23280.jpg,23280.jpg
26997,myntradataset\images\26997.jpg,26997.jpg
18530,myntradataset\images\18530.jpg,18530.jpg
13776,myntradataset\images\13776.jpg,13776.jpg
18615,myntradataset\images\18615.jpg,18615.jpg
17130,myntradataset\images\17130.jpg,17130.jpg
44947,myntradataset\images\44947.jpg,44947.jpg
41843,myntradataset\images\41843.jpg,41843.jpg
44847,myntradataset\images\44847.jpg,44847.jpg
17423,myntradataset\images\17423.jpg,17423.jpg
25185,myntradataset\images\25185.jpg,25185.jpg
21343,myntradataset\images\21343.jpg,21343.jpg
11361,myntradataset\images\11361.jpg,11361.jpg
21651,myntradataset\images\21651.jpg,21651.jpg
4173,myntradataset\images\4173.jpg,4173.jpg
2157,myntradataset\images\2157.jpg,2157.jpg
15901,myntradataset\images\15901.jpg,15901.jpg
21225,myntradataset\images\21225.jpg,21225.jpg
11954,myntradataset\images\11954.jpg,11954.jpg
44198,myntradataset\images\44198.jpg,44198.jpg
11463,myntradataset\images\11463.jpg,11463.jpg
14798,myntradataset\images\14798.jpg,14798.jpg
1793,myntradataset\images\1793.jpg,1793.jpg
7149,myntradataset\images\7149.jpg,7149.jpg
12385,myntradataset\images\12385.jpg,12385.jpg
46953,myntradataset\images\46953.jpg,46953.jpg
19564,myntradataset\images\19564.jpg,19564.jpg
24694,myntradataset\images\24694.jpg,24694.jpg
24521,myntradataset\images\24521.jpg,24521.jpg
19242,myntradataset\images\19242.jpg,19242.jpg
22309,myntradataset\images\22309.jpg,22309.jpg
19883,myntradataset\images\19883.jpg,19883.jpg
19144,myntradataset\images\19144.jpg,19144.jpg
19220,myntradataset\images\19220.jpg,19220.jpg
47164,myntradataset\images\47164.jpg,47164.jpg
15918,myntradataset\images\15918.jpg,15918.jpg
33405,myntradataset\images\33405.jpg,33405.jpg
6307,myntradataset\images\6307.jpg,6307.jpg
48511,myntradataset\images\48511.jpg,48511.jpg
22070,myntradataset\images\22070.jpg,22070.jpg
15514,myntradataset\images\15514.jpg,15514.jpg
12316,myntradataset\images\12316.jpg,12316.jpg
27274,myntradataset\images\27274.jpg,27274.jpg
53788,myntradataset\images\53788.jpg,53788.jpg
51867,myntradataset\images\51867.jpg,51867.jpg
26539,myntradataset\images\26539.jpg,26539.jpg
46865,myntradataset\images\46865.jpg,46865.jpg
25650,myntradataset\images\25650.jpg,25650.jpg
34354,myntradataset\images\34354.jpg,34354.jpg
59054,myntradataset\images\59054.jpg,59054.jpg
26389,myntradataset\images\26389.jpg,26389.jpg
24329,myntradataset\images\24329.jpg,24329.jpg
23631,myntradataset\images\23631.jpg,23631.jpg
15672,myntradataset\images\15672.jpg,15672.jpg
56126,myntradataset\images\56126.jpg,56126.jpg
58547,myntradataset\images\58547.jpg,58547.jpg
12778,myntradataset\images\12778.jpg,12778.jpg
26368,myntradataset\images\26368.jpg,26368.jpg
20715,myntradataset\images\20715.jpg,20715.jpg
5759,myntradataset\images\5759.jpg,5759.jpg
48469,myntradataset\images\48469.jpg,48469.jpg
1638,myntradataset\images\1638.jpg,1638.jpg
18454,myntradataset\images\18454.jpg,18454.jpg
10043,myntradataset\images\10043.jpg,10043.jpg
27180,myntradataset\images\27180.jpg,27180.jpg
54302,myntradataset\images\54302.jpg,54302.jpg
15564,myntradataset\images\15564.jpg,15564.jpg
32159,myntradataset\images\32159.jpg,32159.jpg
17102,myntradataset\images\17102.jpg,17102.jpg
21569,myntradataset\images\21569.jpg,21569.jpg
9594,myntradataset\images\9594.jpg,9594.jpg
17252,myntradataset\images\17252.jpg,17252.jpg
44802,myntradataset\images\44802.jpg,44802.jpg
10413,myntradataset\images\10413.jpg,10413.jpg
27986,myntradataset\images\27986.jpg,27986.jpg
15922,myntradataset\images\15922.jpg,15922.jpg
15863,myntradataset\images\15863.jpg,15863.jpg
22021,myntradataset\images\22021.jpg,22021.jpg
17936,myntradataset\images\17936.jpg,17936.jpg
3163,myntradataset\images\3163.jpg,3163.jpg
34822,myntradataset\images\34822.jpg,34822.jpg
14095,myntradataset\images\14095.jpg,14095.jpg
26622,myntradataset\images\26622.jpg,26622.jpg
17999,myntradataset\images\17999.jpg,17999.jpg
13976,myntradataset\images\13976.jpg,13976.jpg
26027,myntradataset\images\26027.jpg,26027.jpg
22042,myntradataset\images\22042.jpg,22042.jpg
19500,myntradataset\images\19500.jpg,19500.jpg
21038,myntradataset\images\21038.jpg,21038.jpg
24502,myntradataset\images\24502.jpg,24502.jpg
25325,myntradataset\images\25325.jpg,25325.jpg
7017,myntradataset\images\7017.jpg,7017.jpg
18499,myntradataset\images\18499.jpg,18499.jpg
10567,myntradataset\images\10567.jpg,10567.jpg
11570,myntradataset\images\11570.jpg,11570.jpg
29756,myntradataset\images\29756.jpg,29756.jpg
8292,myntradataset\images\8292.jpg,8292.jpg
26149,myntradataset\images\26149.jpg,26149.jpg
42144,myntradataset\images\42144.jpg,42144.jpg
12625,myntradataset\images\12625.jpg,12625.jpg
11793,myntradataset\images\11793.jpg,11793.jpg
50885,myntradataset\images\50885.jpg,50885.jpg
52370,myntradataset\images\52370.jpg,52370.jpg
11694,myntradataset\images\11694.jpg,11694.jpg
44006,myntradataset\images\44006.jpg,44006.jpg
16216,myntradataset\images\16216.jpg,16216.jpg
14760,myntradataset\images\14760.jpg,14760.jpg
26718,myntradataset\images\26718.jpg,26718.jpg
47592,myntradataset\images\47592.jpg,47592.jpg
13208,myntradataset\images\13208.jpg,13208.jpg
13026,myntradataset\images\13026.jpg,13026.jpg
47359,myntradataset\images\47359.jpg,47359.jpg
27822,myntradataset\images\27822.jpg,27822.jpg
17245,myntradataset\images\17245.jpg,17245.jpg
17333,myntradataset\images\17333.jpg,17333.jpg
1932,myntradataset\images\1932.jpg,1932.jpg
17638,myntradataset\images\17638.jpg,17638.jpg
6654,myntradataset\images\6654.jpg,6654.jpg
23056,myntradataset\images\23056.jpg,23056.jpg
16901,myntradataset\images\16901.jpg,16901.jpg
2585,myntradataset\images\2585.jpg,2585.jpg
15577,myntradataset\images\15577.jpg,15577.jpg
47168,myntradataset\images\47168.jpg,47168.jpg
10820,myntradataset\images\10820.jpg,10820.jpg
35055,myntradataset\images\35055.jpg,35055.jpg
18489,myntradataset\images\18489.jpg,18489.jpg
8388,myntradataset\images\8388.jpg,8388.jpg
17300,myntradataset\images\17300.jpg,17300.jpg
48869,myntradataset\images\48869.jpg,48869.jpg
33439,myntradataset\images\33439.jpg,33439.jpg
17714,myntradataset\images\17714.jpg,17714.jpg
59229,myntradataset\images\59229.jpg,59229.jpg
10114,myntradataset\images\10114.jpg,10114.jpg
27522,myntradataset\images\27522.jpg,27522.jpg
26312,myntradataset\images\26312.jpg,26312.jpg
17310,myntradataset\images\17310.jpg,17310.jpg
13729,myntradataset\images\13729.jpg,13729.jpg
38425,myntradataset\images\38425.jpg,38425.jpg
2339,myntradataset\images\2339.jpg,2339.jpg
46995,myntradataset\images\46995.jpg,46995.jpg
30739,myntradataset\images\30739.jpg,30739.jpg
12404,myntradataset\images\12404.jpg,12404.jpg
22789,myntradataset\images\22789.jpg,22789.jpg
8900,myntradataset\images\8900.jpg,8900.jpg
36653,myntradataset\images\36653.jpg,36653.jpg
37073,myntradataset\images\37073.jpg,37073.jpg
23487,myntradataset\images\23487.jpg,23487.jpg
5085,myntradataset\images\5085.jpg,5085.jpg
4631,myntradataset\images\4631.jpg,4631.jpg
54529,myntradataset\images\54529.jpg,54529.jpg
24016,myntradataset\images\24016.jpg,24016.jpg
22324,myntradataset\images\22324.jpg,22324.jpg
12104,myntradataset\images\12104.jpg,12104.jpg
16314,myntradataset\images\16314.jpg,16314.jpg
10725,myntradataset\images\10725.jpg,10725.jpg
19755,myntradataset\images\19755.jpg,19755.jpg
25637,myntradataset\images\25637.jpg,25637.jpg
25734,myntradataset\images\25734.jpg,25734.jpg
34650,myntradataset\images\34650.jpg,34650.jpg
25933,myntradataset\images\25933.jpg,25933.jpg
35497,myntradataset\images\35497.jpg,35497.jpg
10321,myntradataset\images\10321.jpg,10321.jpg
3266,myntradataset\images\3266.jpg,3266.jpg
1922,myntradataset\images\1922.jpg,1922.jpg
20864,myntradataset\images\20864.jpg,20864.jpg
10432,myntradataset\images\10432.jpg,10432.jpg
23300,myntradataset\images\23300.jpg,23300.jpg
17505,myntradataset\images\17505.jpg,17505.jpg
22571,myntradataset\images\22571.jpg,22571.jpg
31589,myntradataset\images\31589.jpg,31589.jpg
56055,myntradataset\images\56055.jpg,56055.jpg
36784,myntradataset\images\36784.jpg,36784.jpg
38994,myntradataset\images\38994.jpg,38994.jpg
29779,myntradataset\images\29779.jpg,29779.jpg
12075,myntradataset\images\12075.jpg,12075.jpg
12910,myntradataset\images\12910.jpg,12910.jpg
24021,myntradataset\images\24021.jpg,24021.jpg
22200,myntradataset\images\22200.jpg,22200.jpg
17984,myntradataset\images\17984.jpg,17984.jpg
53312,myntradataset\images\53312.jpg,53312.jpg
11165,myntradataset\images\11165.jpg,11165.jpg
48867,myntradataset\images\48867.jpg,48867.jpg
42414,myntradataset\images\42414.jpg,42414.jpg
13754,myntradataset\images\13754.jpg,13754.jpg
10325,myntradataset\images\10325.jpg,10325.jpg
11639,myntradataset\images\11639.jpg,11639.jpg
23191,myntradataset\images\23191.jpg,23191.jpg
10190,myntradataset\images\10190.jpg,10190.jpg
45759,myntradataset\images\45759.jpg,45759.jpg
58628,myntradataset\images\58628.jpg,58628.jpg
42586,myntradataset\images\42586.jpg,42586.jpg
11539,myntradataset\images\11539.jpg,11539.jpg
11602,myntradataset\images\11602.jpg,11602.jpg
12908,myntradataset\images\12908.jpg,12908.jpg
52827,myntradataset\images\52827.jpg,52827.jpg
18319,myntradataset\images\18319.jpg,18319.jpg
10207,myntradataset\images\10207.jpg,10207.jpg
17536,myntradataset\images\17536.jpg,17536.jpg
25436,myntradataset\images\25436.jpg,25436.jpg
1598,myntradataset\images\1598.jpg,1598.jpg
19219,myntradataset\images\19219.jpg,19219.jpg
28968,myntradataset\images\28968.jpg,28968.jpg
14971,myntradataset\images\14971.jpg,14971.jpg
19546,myntradataset\images\19546.jpg,19546.jpg
17258,myntradataset\images\17258.jpg,17258.jpg
16750,myntradataset\images\16750.jpg,16750.jpg
16522,myntradataset\images\16522.jpg,16522.jpg
47293,myntradataset\images\47293.jpg,47293.jpg
59698,myntradataset\images\59698.jpg,59698.jpg
12857,myntradataset\images\12857.jpg,12857.jpg
18492,myntradataset\images\18492.jpg,18492.jpg
45328,myntradataset\images\45328.jpg,45328.jpg
17688,myntradataset\images\17688.jpg,17688.jpg
16125,myntradataset\images\16125.jpg,16125.jpg
16180,myntradataset\images\16180.jpg,16180.jpg
23251,myntradataset\images\23251.jpg,23251.jpg
56489,myntradataset\images\56489.jpg,56489.jpg
45321,myntradataset\images\45321.jpg,45321.jpg
26639,myntradataset\images\26639.jpg,26639.jpg
39641,myntradataset\images\39641.jpg,39641.jpg
6356,myntradataset\images\6356.jpg,6356.jpg
27076,myntradataset\images\27076.jpg,27076.jpg
1588,myntradataset\images\1588.jpg,1588.jpg
17182,myntradataset\images\17182.jpg,17182.jpg
29928,myntradataset\images\29928.jpg,29928.jpg
12345,myntradataset\images\12345.jpg,12345.jpg
51557,myntradataset\images\51557.jpg,51557.jpg
13529,myntradataset\images\13529.jpg,13529.jpg
20405,myntradataset\images\20405.jpg,20405.jpg
34398,myntradataset\images\34398.jpg,34398.jpg
57968,myntradataset\images\57968.jpg,57968.jpg
12892,myntradataset\images\12892.jpg,12892.jpg
25661,myntradataset\images\25661.jpg,25661.jpg
11897,myntradataset\images\11897.jpg,11897.jpg
1809,myntradataset\images\1809.jpg,1809.jpg
32607,myntradataset\images\32607.jpg,32607.jpg
19449,myntradataset\images\19449.jpg,19449.jpg
17539,myntradataset\images\17539.jpg,17539.jpg
30233,myntradataset\images\30233.jpg,30233.jpg
25856,myntradataset\images\25856.jpg,25856.jpg
20934,myntradataset\images\20934.jpg,20934.jpg
27307,myntradataset\images\27307.jpg,27307.jpg
25528,myntradataset\images\25528.jpg,25528.jpg
12982,myntradataset\images\12982.jpg,12982.jpg
26620,myntradataset\images\26620.jpg,26620.jpg
2111,myntradataset\images\2111.jpg,2111.jpg
17201,myntradataset\images\17201.jpg,17201.jpg
11024,myntradataset\images\11024.jpg,11024.jpg
20315,myntradataset\images\20315.jpg,20315.jpg
20804,myntradataset\images\20804.jpg,20804.jpg
22560,myntradataset\images\22560.jpg,22560.jpg
11925,myntradataset\images\11925.jpg,11925.jpg
19943,myntradataset\images\19943.jpg,19943.jpg
13227,myntradataset\images\13227.jpg,13227.jpg
17086,myntradataset\images\17086.jpg,17086.jpg
22741,myntradataset\images\22741.jpg,22741.jpg
45603,myntradataset\images\45603.jpg,45603.jpg
23209,myntradataset\images\23209.jpg,23209.jpg
18682,myntradataset\images\18682.jpg,18682.jpg
45891,myntradataset\images\45891.jpg,45891.jpg
30246,myntradataset\images\30246.jpg,30246.jpg
20620,myntradataset\images\20620.jpg,20620.jpg
18959,myntradataset\images\18959.jpg,18959.jpg
13669,myntradataset\images\13669.jpg,13669.jpg
6681,myntradataset\images\6681.jpg,6681.jpg
40547,myntradataset\images\40547.jpg,40547.jpg
37056,myntradataset\images\37056.jpg,37056.jpg
11274,myntradataset\images\11274.jpg,11274.jpg
42889,myntradataset\images\42889.jpg,42889.jpg
28318,myntradataset\images\28318.jpg,28318.jpg
26335,myntradataset\images\26335.jpg,26335.jpg
20092,myntradataset\images\20092.jpg,20092.jpg
22935,myntradataset\images\22935.jpg,22935.jpg
11389,myntradataset\images\11389.jpg,11389.jpg
10066,myntradataset\images\10066.jpg,10066.jpg
17927,myntradataset\images\17927.jpg,17927.jpg
22740,myntradataset\images\22740.jpg,22740.jpg
25773,myntradataset\images\25773.jpg,25773.jpg
33623,myntradataset\images\33623.jpg,33623.jpg
16028,myntradataset\images\16028.jpg,16028.jpg
19854,myntradataset\images\19854.jpg,19854.jpg
17860,myntradataset\images\17860.jpg,17860.jpg
14128,myntradataset\images\14128.jpg,14128.jpg
11768,myntradataset\images\11768.jpg,11768.jpg
11297,myntradataset\images\11297.jpg,11297.jpg
25979,myntradataset\images\25979.jpg,25979.jpg
28168,myntradataset\images\28168.jpg,28168.jpg
24119,myntradataset\images\24119.jpg,24119.jpg
25873,myntradataset\images\25873.jpg,25873.jpg
32744,myntradataset\images\32744.jpg,32744.jpg
24525,myntradataset\images\24525.jpg,24525.jpg
19984,myntradataset\images\19984.jpg,19984.jpg
18404,myntradataset\images\18404.jpg,18404.jpg
25324,myntradataset\images\25324.jpg,25324.jpg
27436,myntradataset\images\27436.jpg,27436.jpg
50318,myntradataset\images\50318.jpg,50318.jpg
11684,myntradataset\images\11684.jpg,11684.jpg
18459,myntradataset\images\18459.jpg,18459.jpg
17077,myntradataset\images\17077.jpg,17077.jpg
15168,myntradataset\images\15168.jpg,15168.jpg
22312,myntradataset\images\22312.jpg,22312.jpg
44379,myntradataset\images\44379.jpg,44379.jpg
21168,myntradataset\images\21168.jpg,21168.jpg
55612,myntradataset\images\55612.jpg,55612.jpg
46401,myntradataset\images\46401.jpg,46401.jpg
24942,myntradataset\images\24942.jpg,24942.jpg
31828,myntradataset\images\31828.jpg,31828.jpg
10400,myntradataset\images\10400.jpg,10400.jpg
19683,myntradataset\images\19683.jpg,19683.jpg
10284,myntradataset\images\10284.jpg,10284.jpg
50501,myntradataset\images\50501.jpg,50501.jpg
11358,myntradataset\images\11358.jpg,11358.jpg
50929,myntradataset\images\50929.jpg,50929.jpg
12578,myntradataset\images\12578.jpg,12578.jpg
18282,myntradataset\images\18282.jpg,18282.jpg
19087,myntradataset\images\19087.jpg,19087.jpg
11071,myntradataset\images\11071.jpg,11071.jpg
2191,myntradataset\images\2191.jpg,2191.jpg
9830,myntradataset\images\9830.jpg,9830.jpg
12202,myntradataset\images\12202.jpg,12202.jpg
11938,myntradataset\images\11938.jpg,11938.jpg
19404,myntradataset\images\19404.jpg,19404.jpg
42816,myntradataset\images\42816.jpg,42816.jpg
43500,myntradataset\images\43500.jpg,43500.jpg
17055,myntradataset\images\17055.jpg,17055.jpg
45385,myntradataset\images\45385.jpg,45385.jpg
28617,myntradataset\images\28617.jpg,28617.jpg
18687,myntradataset\images\18687.jpg,18687.jpg
11097,myntradataset\images\11097.jpg,11097.jpg
49722,myntradataset\images\49722.jpg,49722.jpg
24204,myntradataset\images\24204.jpg,24204.jpg
14595,myntradataset\images\14595.jpg,14595.jpg
40563,myntradataset\images\40563.jpg,40563.jpg
17279,myntradataset\images\17279.jpg,17279.jpg
13406,myntradataset\images\13406.jpg,13406.jpg
4187,myntradataset\images\4187.jpg,4187.jpg
34646,myntradataset\images\34646.jpg,34646.jpg
54937,myntradataset\images\54937.jpg,54937.jpg
19540,myntradataset\images\19540.jpg,19540.jpg
53561,myntradataset\images\53561.jpg,53561.jpg
15370,myntradataset\images\15370.jpg,15370.jpg
11855,myntradataset\images\11855.jpg,11855.jpg
54139,myntradataset\images\54139.jpg,54139.jpg
28514,myntradataset\images\28514.jpg,28514.jpg
15122,myntradataset\images\15122.jpg,15122.jpg
15612,myntradataset\images\15612.jpg,15612.jpg
8798,myntradataset\images\8798.jpg,8798.jpg
20470,myntradataset\images\20470.jpg,20470.jpg
12005,myntradataset\images\12005.jpg,12005.jpg
25368,myntradataset\images\25368.jpg,25368.jpg
39665,myntradataset\images\39665.jpg,39665.jpg
22136,myntradataset\images\22136.jpg,22136.jpg
12608,myntradataset\images\12608.jpg,12608.jpg
33355,myntradataset\images\33355.jpg,33355.jpg
12105,myntradataset\images\12105.jpg,12105.jpg
16984,myntradataset\images\16984.jpg,16984.jpg
16278,myntradataset\images\16278.jpg,16278.jpg
22091,myntradataset\images\22091.jpg,22091.jpg
3501,myntradataset\images\3501.jpg,3501.jpg
24951,myntradataset\images\24951.jpg,24951.jpg
13482,myntradataset\images\13482.jpg,13482.jpg
25305,myntradataset\images\25305.jpg,25305.jpg
23250,myntradataset\images\23250.jpg,23250.jpg
18813,myntradataset\images\18813.jpg,18813.jpg
13953,myntradataset\images\13953.jpg,13953.jpg
16062,myntradataset\images\16062.jpg,16062.jpg
23705,myntradataset\images\23705.jpg,23705.jpg
26169,myntradataset\images\26169.jpg,26169.jpg
23743,myntradataset\images\23743.jpg,23743.jpg
39762,myntradataset\images\39762.jpg,39762.jpg
46835,myntradataset\images\46835.jpg,46835.jpg
5630,myntradataset\images\5630.jpg,5630.jpg
20346,myntradataset\images\20346.jpg,20346.jpg
40315,myntradataset\images\40315.jpg,40315.jpg
50276,myntradataset\images\50276.jpg,50276.jpg
17991,myntradataset\images\17991.jpg,17991.jpg
39945,myntradataset\images\39945.jpg,39945.jpg
14867,myntradataset\images\14867.jpg,14867.jpg
26524,myntradataset\images\26524.jpg,26524.jpg
16083,myntradataset\images\16083.jpg,16083.jpg
10352,myntradataset\images\10352.jpg,10352.jpg
10444,myntradataset\images\10444.jpg,10444.jpg
2489,myntradataset\images\2489.jpg,2489.jpg
9659,myntradataset\images\9659.jpg,9659.jpg
27001,myntradataset\images\27001.jpg,27001.jpg
24375,myntradataset\images\24375.jpg,24375.jpg
21138,myntradataset\images\21138.jpg,21138.jpg
19621,myntradataset\images\19621.jpg,19621.jpg
9960,myntradataset\images\9960.jpg,9960.jpg
14961,myntradataset\images\14961.jpg,14961.jpg
32580,myntradataset\images\32580.jpg,32580.jpg
17576,myntradataset\images\17576.jpg,17576.jpg
25539,myntradataset\images\25539.jpg,25539.jpg
46072,myntradataset\images\46072.jpg,46072.jpg
13242,myntradataset\images\13242.jpg,13242.jpg
28488,myntradataset\images\28488.jpg,28488.jpg
23985,myntradataset\images\23985.jpg,23985.jpg
20874,myntradataset\images\20874.jpg,20874.jpg
52119,myntradataset\images\52119.jpg,52119.jpg
17078,myntradataset\images\17078.jpg,17078.jpg
10852,myntradataset\images\10852.jpg,10852.jpg
12260,myntradataset\images\12260.jpg,12260.jpg
24370,myntradataset\images\24370.jpg,24370.jpg
12143,myntradataset\images\12143.jpg,12143.jpg
7077,myntradataset\images\7077.jpg,7077.jpg
5861,myntradataset\images\5861.jpg,5861.jpg
23298,myntradataset\images\23298.jpg,23298.jpg
12975,myntradataset\images\12975.jpg,12975.jpg
55447,myntradataset\images\55447.jpg,55447.jpg
14968,myntradataset\images\14968.jpg,14968.jpg
34558,myntradataset\images\34558.jpg,34558.jpg
10283,myntradataset\images\10283.jpg,10283.jpg
34744,myntradataset\images\34744.jpg,34744.jpg
3336,myntradataset\images\3336.jpg,3336.jpg
39165,myntradataset\images\39165.jpg,39165.jpg
59396,myntradataset\images\59396.jpg,59396.jpg
23693,myntradataset\images\23693.jpg,23693.jpg
59464,myntradataset\images\59464.jpg,59464.jpg
49875,myntradataset\images\49875.jpg,49875.jpg
15570,myntradataset\images\15570.jpg,15570.jpg
28970,myntradataset\images\28970.jpg,28970.jpg
9550,myntradataset\images\9550.jpg,9550.jpg
12753,myntradataset\images\12753.jpg,12753.jpg
10197,myntradataset\images\10197.jpg,10197.jpg
13423,myntradataset\images\13423.jpg,13423.jpg
11517,myntradataset\images\11517.jpg,11517.jpg
29892,myntradataset\images\29892.jpg,29892.jpg
20140,myntradataset\images\20140.jpg,20140.jpg
18974,myntradataset\images\18974.jpg,18974.jpg
28672,myntradataset\images\28672.jpg,28672.jpg
6513,myntradataset\images\6513.jpg,6513.jpg
4138,myntradataset\images\4138.jpg,4138.jpg
10379,myntradataset\images\10379.jpg,10379.jpg
14084,myntradataset\images\14084.jpg,14084.jpg
12651,myntradataset\images\12651.jpg,12651.jpg
7323,myntradataset\images\7323.jpg,7323.jpg
25887,myntradataset\images\25887.jpg,25887.jpg
22385,myntradataset\images\22385.jpg,22385.jpg
36952,myntradataset\images\36952.jpg,36952.jpg
13370,myntradataset\images\13370.jpg,13370.jpg
18461,myntradataset\images\18461.jpg,18461.jpg
7708,myntradataset\images\7708.jpg,7708.jpg
40055,myntradataset\images\40055.jpg,40055.jpg
28938,myntradataset\images\28938.jpg,28938.jpg
13067,myntradataset\images\13067.jpg,13067.jpg
13865,myntradataset\images\13865.jpg,13865.jpg
11154,myntradataset\images\11154.jpg,11154.jpg
18803,myntradataset\images\18803.jpg,18803.jpg
17056,myntradataset\images\17056.jpg,17056.jpg
1804,myntradataset\images\1804.jpg,1804.jpg
11443,myntradataset\images\11443.jpg,11443.jpg
27538,myntradataset\images\27538.jpg,27538.jpg
36281,myntradataset\images\36281.jpg,36281.jpg
13462,myntradataset\images\13462.jpg,13462.jpg
6312,myntradataset\images\6312.jpg,6312.jpg
23935,myntradataset\images\23935.jpg,23935.jpg
17988,myntradataset\images\17988.jpg,17988.jpg
49607,myntradataset\images\49607.jpg,49607.jpg
13035,myntradataset\images\13035.jpg,13035.jpg
12058,myntradataset\images\12058.jpg,12058.jpg
11236,myntradataset\images\11236.jpg,11236.jpg
58620,myntradataset\images\58620.jpg,58620.jpg
20876,myntradataset\images\20876.jpg,20876.jpg
2190,myntradataset\images\2190.jpg,2190.jpg
30463,myntradataset\images\30463.jpg,30463.jpg
13847,myntradataset\images\13847.jpg,13847.jpg
4317,myntradataset\images\4317.jpg,4317.jpg
19532,myntradataset\images\19532.jpg,19532.jpg
40588,myntradataset\images\40588.jpg,40588.jpg
8448,myntradataset\images\8448.jpg,8448.jpg
58129,myntradataset\images\58129.jpg,58129.jpg
21275,myntradataset\images\21275.jpg,21275.jpg
4769,myntradataset\images\4769.jpg,4769.jpg
50462,myntradataset\images\50462.jpg,50462.jpg
45293,myntradataset\images\45293.jpg,45293.jpg
26604,myntradataset\images\26604.jpg,26604.jpg
38810,myntradataset\images\38810.jpg,38810.jpg
11446,myntradataset\images\11446.jpg,11446.jpg
13109,myntradataset\images\13109.jpg,13109.jpg
46582,myntradataset\images\46582.jpg,46582.jpg
5324,myntradataset\images\5324.jpg,5324.jpg
10194,myntradataset\images\10194.jpg,10194.jpg
3283,myntradataset\images\3283.jpg,3283.jpg
43531,myntradataset\images\43531.jpg,43531.jpg
27734,myntradataset\images\27734.jpg,27734.jpg
13919,myntradataset\images\13919.jpg,13919.jpg
36657,myntradataset\images\36657.jpg,36657.jpg
18473,myntradataset\images\18473.jpg,18473.jpg
26872,myntradataset\images\26872.jpg,26872.jpg
4856,myntradataset\images\4856.jpg,4856.jpg
59355,myntradataset\images\59355.jpg,59355.jpg
23769,myntradataset\images\23769.jpg,23769.jpg
20614,myntradataset\images\20614.jpg,20614.jpg
1165,myntradataset\images\1165.jpg,1165.jpg
47111,myntradataset\images\47111.jpg,47111.jpg
2041,myntradataset\images\2041.jpg,2041.jpg
3417,myntradataset\images\3417.jpg,3417.jpg
47452,myntradataset\images\47452.jpg,47452.jpg
19743,myntradataset\images\19743.jpg,19743.jpg
1812,myntradataset\images\1812.jpg,1812.jpg
27280,myntradataset\images\27280.jpg,27280.jpg
19571,myntradataset\images\19571.jpg,19571.jpg
10470,myntradataset\images\10470.jpg,10470.jpg
11901,myntradataset\images\11901.jpg,11901.jpg
12083,myntradataset\images\12083.jpg,12083.jpg
1891,myntradataset\images\1891.jpg,1891.jpg
59356,myntradataset\images\59356.jpg,59356.jpg
20680,myntradataset\images\20680.jpg,20680.jpg
46598,myntradataset\images\46598.jpg,46598.jpg
14664,myntradataset\images\14664.jpg,14664.jpg
48491,myntradataset\images\48491.jpg,48491.jpg
15546,myntradataset\images\15546.jpg,15546.jpg
33982,myntradataset\images\33982.jpg,33982.jpg
15112,myntradataset\images\15112.jpg,15112.jpg
19550,myntradataset\images\19550.jpg,19550.jpg
1553,myntradataset\images\1553.jpg,1553.jpg
25968,myntradataset\images\25968.jpg,25968.jpg
20461,myntradataset\images\20461.jpg,20461.jpg
22797,myntradataset\images\22797.jpg,22797.jpg
33538,myntradataset\images\33538.jpg,33538.jpg
16972,myntradataset\images\16972.jpg,16972.jpg
25032,myntradataset\images\25032.jpg,25032.jpg
4783,myntradataset\images\4783.jpg,4783.jpg
12900,myntradataset\images\12900.jpg,12900.jpg
16516,myntradataset\images\16516.jpg,16516.jpg
24311,myntradataset\images\24311.jpg,24311.jpg
50002,myntradataset\images\50002.jpg,50002.jpg
26309,myntradataset\images\26309.jpg,26309.jpg
14584,myntradataset\images\14584.jpg,14584.jpg
54873,myntradataset\images\54873.jpg,54873.jpg
11139,myntradataset\images\11139.jpg,11139.jpg
52992,myntradataset\images\52992.jpg,52992.jpg
20125,myntradataset\images\20125.jpg,20125.jpg
37228,myntradataset\images\37228.jpg,37228.jpg
10675,myntradataset\images\10675.jpg,10675.jpg
35022,myntradataset\images\35022.jpg,35022.jpg
11786,myntradataset\images\11786.jpg,11786.jpg
16802,myntradataset\images\16802.jpg,16802.jpg
23677,myntradataset\images\23677.jpg,23677.jpg
15739,myntradataset\images\15739.jpg,15739.jpg
3253,myntradataset\images\3253.jpg,3253.jpg
47993,myntradataset\images\47993.jpg,47993.jpg
17493,myntradataset\images\17493.jpg,17493.jpg
55849,myntradataset\images\55849.jpg,55849.jpg
15258,myntradataset\images\15258.jpg,15258.jpg
25241,myntradataset\images\25241.jpg,25241.jpg
15675,myntradataset\images\15675.jpg,15675.jpg
45150,myntradataset\images\45150.jpg,45150.jpg
12427,myntradataset\images\12427.jpg,12427.jpg
47207,myntradataset\images\47207.jpg,47207.jpg
34883,myntradataset\images\34883.jpg,34883.jpg
45917,myntradataset\images\45917.jpg,45917.jpg
27885,myntradataset\images\27885.jpg,27885.jpg
17457,myntradataset\images\17457.jpg,17457.jpg
50015,myntradataset\images\50015.jpg,50015.jpg
16729,myntradataset\images\16729.jpg,16729.jpg
53621,myntradataset\images\53621.jpg,53621.jpg
23598,myntradataset\images\23598.jpg,23598.jpg
22329,myntradataset\images\22329.jpg,22329.jpg
35099,myntradataset\images\35099.jpg,35099.jpg
31451,myntradataset\images\31451.jpg,31451.jpg
3857,myntradataset\images\3857.jpg,3857.jpg
23039,myntradataset\images\23039.jpg,23039.jpg
2588,myntradataset\images\2588.jpg,2588.jpg
3511,myntradataset\images\3511.jpg,3511.jpg
48908,myntradataset\images\48908.jpg,48908.jpg
13860,myntradataset\images\13860.jpg,13860.jpg
17945,myntradataset\images\17945.jpg,17945.jpg
2738,myntradataset\images\2738.jpg,2738.jpg
50172,myntradataset\images\50172.jpg,50172.jpg
58962,myntradataset\images\58962.jpg,58962.jpg
14717,myntradataset\images\14717.jpg,14717.jpg
21187,myntradataset\images\21187.jpg,21187.jpg
44800,myntradataset\images\44800.jpg,44800.jpg
22398,myntradataset\images\22398.jpg,22398.jpg
2354,myntradataset\images\2354.jpg,2354.jpg
20557,myntradataset\images\20557.jpg,20557.jpg
32527,myntradataset\images\32527.jpg,32527.jpg
17944,myntradataset\images\17944.jpg,17944.jpg
6823,myntradataset\images\6823.jpg,6823.jpg
20519,myntradataset\images\20519.jpg,20519.jpg
43356,myntradataset\images\43356.jpg,43356.jpg
27081,myntradataset\images\27081.jpg,27081.jpg
27331,myntradataset\images\27331.jpg,27331.jpg
23579,myntradataset\images\23579.jpg,23579.jpg
24743,myntradataset\images\24743.jpg,24743.jpg
18677,myntradataset\images\18677.jpg,18677.jpg
55210,myntradataset\images\55210.jpg,55210.jpg
52484,myntradataset\images\52484.jpg,52484.jpg
12530,myntradataset\images\12530.jpg,12530.jpg
18520,myntradataset\images\18520.jpg,18520.jpg
52063,myntradataset\images\52063.jpg,52063.jpg
27808,myntradataset\images\27808.jpg,27808.jpg
19779,myntradataset\images\19779.jpg,19779.jpg
54393,myntradataset\images\54393.jpg,54393.jpg
19194,myntradataset\images\19194.jpg,19194.jpg
19259,myntradataset\images\19259.jpg,19259.jpg
19978,myntradataset\images\19978.jpg,19978.jpg
19131,myntradataset\images\19131.jpg,19131.jpg
17763,myntradataset\images\17763.jpg,17763.jpg
11323,myntradataset\images\11323.jpg,11323.jpg
42905,myntradataset\images\42905.jpg,42905.jpg
15054,myntradataset\images\15054.jpg,15054.jpg
15190,myntradataset\images\15190.jpg,15190.jpg
18639,myntradataset\images\18639.jpg,18639.jpg
24314,myntradataset\images\24314.jpg,24314.jpg
21659,myntradataset\images\21659.jpg,21659.jpg
27418,myntradataset\images\27418.jpg,27418.jpg
24503,myntradataset\images\24503.jpg,24503.jpg
26114,myntradataset\images\26114.jpg,26114.jpg
11290,myntradataset\images\11290.jpg,11290.jpg
15490,myntradataset\images\15490.jpg,15490.jpg
51716,myntradataset\images\51716.jpg,51716.jpg
12423,myntradataset\images\12423.jpg,12423.jpg
27756,myntradataset\images\27756.jpg,27756.jpg
12977,myntradataset\images\12977.jpg,12977.jpg
9391,myntradataset\images\9391.jpg,9391.jpg
22882,myntradataset\images\22882.jpg,22882.jpg
25818,myntradataset\images\25818.jpg,25818.jpg
27741,myntradataset\images\27741.jpg,27741.jpg
13371,myntradataset\images\13371.jpg,13371.jpg
19496,myntradataset\images\19496.jpg,19496.jpg
55475,myntradataset\images\55475.jpg,55475.jpg
21838,myntradataset\images\21838.jpg,21838.jpg
23219,myntradataset\images\23219.jpg,23219.jpg
19169,myntradataset\images\19169.jpg,19169.jpg
22409,myntradataset\images\22409.jpg,22409.jpg
31159,myntradataset\images\31159.jpg,31159.jpg
12391,myntradataset\images\12391.jpg,12391.jpg
5164,myntradataset\images\5164.jpg,5164.jpg
13251,myntradataset\images\13251.jpg,13251.jpg
13909,myntradataset\images\13909.jpg,13909.jpg
19488,myntradataset\images\19488.jpg,19488.jpg
22713,myntradataset\images\22713.jpg,22713.jpg
28437,myntradataset\images\28437.jpg,28437.jpg
9907,myntradataset\images\9907.jpg,9907.jpg
22940,myntradataset\images\22940.jpg,22940.jpg
17788,myntradataset\images\17788.jpg,17788.jpg
10365,myntradataset\images\10365.jpg,10365.jpg
25902,myntradataset\images\25902.jpg,25902.jpg
15744,myntradataset\images\15744.jpg,15744.jpg
11888,myntradataset\images\11888.jpg,11888.jpg
29289,myntradataset\images\29289.jpg,29289.jpg
17136,myntradataset\images\17136.jpg,17136.jpg
24690,myntradataset\images\24690.jpg,24690.jpg
39170,myntradataset\images\39170.jpg,39170.jpg
24513,myntradataset\images\24513.jpg,24513.jpg
4885,myntradataset\images\4885.jpg,4885.jpg
17501,myntradataset\images\17501.jpg,17501.jpg
15388,myntradataset\images\15388.jpg,15388.jpg
11642,myntradataset\images\11642.jpg,11642.jpg
45600,myntradataset\images\45600.jpg,45600.jpg
31423,myntradataset\images\31423.jpg,31423.jpg
22638,myntradataset\images\22638.jpg,22638.jpg
10500,myntradataset\images\10500.jpg,10500.jpg
1727,myntradataset\images\1727.jpg,1727.jpg
40449,myntradataset\images\40449.jpg,40449.jpg
33406,myntradataset\images\33406.jpg,33406.jpg
29759,myntradataset\images\29759.jpg,29759.jpg
19928,myntradataset\images\19928.jpg,19928.jpg
21485,myntradataset\images\21485.jpg,21485.jpg
46244,myntradataset\images\46244.jpg,46244.jpg
12999,myntradataset\images\12999.jpg,12999.jpg
7220,myntradataset\images\7220.jpg,7220.jpg
53749,myntradataset\images\53749.jpg,53749.jpg
40533,myntradataset\images\40533.jpg,40533.jpg
20055,myntradataset\images\20055.jpg,20055.jpg
26124,myntradataset\images\26124.jpg,26124.jpg
49088,myntradataset\images\49088.jpg,49088.jpg
19606,myntradataset\images\19606.jpg,19606.jpg
28180,myntradataset\images\28180.jpg,28180.jpg
51811,myntradataset\images\51811.jpg,51811.jpg
52767,myntradataset\images\52767.jpg,52767.jpg
12018,myntradataset\images\12018.jpg,12018.jpg
14906,myntradataset\images\14906.jpg,14906.jpg
11980,myntradataset\images\11980.jpg,11980.jpg
22911,myntradataset\images\22911.jpg,22911.jpg
14334,myntradataset\images\14334.jpg,14334.jpg
19268,myntradataset\images\19268.jpg,19268.jpg
5545,myntradataset\images\5545.jpg,5545.jpg
9264,myntradataset\images\9264.jpg,9264.jpg
40578,myntradataset\images\40578.jpg,40578.jpg
20904,myntradataset\images\20904.jpg,20904.jpg
12941,myntradataset\images\12941.jpg,12941.jpg
37490,myntradataset\images\37490.jpg,37490.jpg
17110,myntradataset\images\17110.jpg,17110.jpg
13510,myntradataset\images\13510.jpg,13510.jpg
24703,myntradataset\images\24703.jpg,24703.jpg
5261,myntradataset\images\5261.jpg,5261.jpg
21819,myntradataset\images\21819.jpg,21819.jpg
2971,myntradataset\images\2971.jpg,2971.jpg
13477,myntradataset\images\13477.jpg,13477.jpg
21698,myntradataset\images\21698.jpg,21698.jpg
21227,myntradataset\images\21227.jpg,21227.jpg
13796,myntradataset\images\13796.jpg,13796.jpg
13887,myntradataset\images\13887.jpg,13887.jpg
46658,myntradataset\images\46658.jpg,46658.jpg
14109,myntradataset\images\14109.jpg,14109.jpg
13056,myntradataset\images\13056.jpg,13056.jpg
26025,myntradataset\images\26025.jpg,26025.jpg
11620,myntradataset\images\11620.jpg,11620.jpg
23940,myntradataset\images\23940.jpg,23940.jpg
15569,myntradataset\images\15569.jpg,15569.jpg
15078,myntradataset\images\15078.jpg,15078.jpg
53927,myntradataset\images\53927.jpg,53927.jpg
25345,myntradataset\images\25345.jpg,25345.jpg
59469,myntradataset\images\59469.jpg,59469.jpg
2276,myntradataset\images\2276.jpg,2276.jpg
4755,myntradataset\images\4755.jpg,4755.jpg
43153,myntradataset\images\43153.jpg,43153.jpg
48370,myntradataset\images\48370.jpg,48370.jpg
33436,myntradataset\images\33436.jpg,33436.jpg
43668,myntradataset\images\43668.jpg,43668.jpg
17193,myntradataset\images\17193.jpg,17193.jpg
16989,myntradataset\images\16989.jpg,16989.jpg
15620,myntradataset\images\15620.jpg,15620.jpg
15734,myntradataset\images\15734.jpg,15734.jpg
15247,myntradataset\images\15247.jpg,15247.jpg
19723,myntradataset\images\19723.jpg,19723.jpg
3027,myntradataset\images\3027.jpg,3027.jpg
50343,myntradataset\images\50343.jpg,50343.jpg
14009,myntradataset\images\14009.jpg,14009.jpg
25266,myntradataset\images\25266.jpg,25266.jpg
43111,myntradataset\images\43111.jpg,43111.jpg
20139,myntradataset\images\20139.jpg,20139.jpg
10003,myntradataset\images\10003.jpg,10003.jpg
17382,myntradataset\images\17382.jpg,17382.jpg
2032,myntradataset\images\2032.jpg,2032.jpg
6247,myntradataset\images\6247.jpg,6247.jpg
55433,myntradataset\images\55433.jpg,55433.jpg
26434,myntradataset\images\26434.jpg,26434.jpg
23178,myntradataset\images\23178.jpg,23178.jpg
11825,myntradataset\images\11825.jpg,11825.jpg
21441,myntradataset\images\21441.jpg,21441.jpg
24822,myntradataset\images\24822.jpg,24822.jpg
34710,myntradataset\images\34710.jpg,34710.jpg
33854,myntradataset\images\33854.jpg,33854.jpg
16807,myntradataset\images\16807.jpg,16807.jpg
14550,myntradataset\images\14550.jpg,14550.jpg
35410,myntradataset\images\35410.jpg,35410.jpg
17696,myntradataset\images\17696.jpg,17696.jpg
1813,myntradataset\images\1813.jpg,1813.jpg
11298,myntradataset\images\11298.jpg,11298.jpg
12003,myntradataset\images\12003.jpg,12003.jpg
17376,myntradataset\images\17376.jpg,17376.jpg
48226,myntradataset\images\48226.jpg,48226.jpg
22020,myntradataset\images\22020.jpg,22020.jpg
16038,myntradataset\images\16038.jpg,16038.jpg
27006,myntradataset\images\27006.jpg,27006.jpg
18936,myntradataset\images\18936.jpg,18936.jpg
14782,myntradataset\images\14782.jpg,14782.jpg
55162,myntradataset\images\55162.jpg,55162.jpg
12912,myntradataset\images\12912.jpg,12912.jpg
20169,myntradataset\images\20169.jpg,20169.jpg
11618,myntradataset\images\11618.jpg,11618.jpg
49059,myntradataset\images\49059.jpg,49059.jpg
8892,myntradataset\images\8892.jpg,8892.jpg
58565,myntradataset\images\58565.jpg,58565.jpg
1561,myntradataset\images\1561.jpg,1561.jpg
40000,myntradataset\images\40000.jpg,40000.jpg
25226,myntradataset\images\25226.jpg,25226.jpg
36734,myntradataset\images\36734.jpg,36734.jpg
15009,myntradataset\images\15009.jpg,15009.jpg
17190,myntradataset\images\17190.jpg,17190.jpg
23226,myntradataset\images\23226.jpg,23226.jpg
21116,myntradataset\images\21116.jpg,21116.jpg
13101,myntradataset\images\13101.jpg,13101.jpg
9230,myntradataset\images\9230.jpg,9230.jpg
12697,myntradataset\images\12697.jpg,12697.jpg
1885,myntradataset\images\1885.jpg,1885.jpg
36836,myntradataset\images\36836.jpg,36836.jpg
26956,myntradataset\images\26956.jpg,26956.jpg
12988,myntradataset\images\12988.jpg,12988.jpg
19753,myntradataset\images\19753.jpg,19753.jpg
12664,myntradataset\images\12664.jpg,12664.jpg
45404,myntradataset\images\45404.jpg,45404.jpg
26044,myntradataset\images\26044.jpg,26044.jpg
21723,myntradataset\images\21723.jpg,21723.jpg
14843,myntradataset\images\14843.jpg,14843.jpg
24213,myntradataset\images\24213.jpg,24213.jpg
14501,myntradataset\images\14501.jpg,14501.jpg
23738,myntradataset\images\23738.jpg,23738.jpg
17004,myntradataset\images\17004.jpg,17004.jpg
28042,myntradataset\images\28042.jpg,28042.jpg
8863,myntradataset\images\8863.jpg,8863.jpg
4453,myntradataset\images\4453.jpg,4453.jpg
21783,myntradataset\images\21783.jpg,21783.jpg
19485,myntradataset\images\19485.jpg,19485.jpg
15473,myntradataset\images\15473.jpg,15473.jpg
53479,myntradataset\images\53479.jpg,53479.jpg
11815,myntradataset\images\11815.jpg,11815.jpg
7092,myntradataset\images\7092.jpg,7092.jpg
15055,myntradataset\images\15055.jpg,15055.jpg
13506,myntradataset\images\13506.jpg,13506.jpg
2707,myntradataset\images\2707.jpg,2707.jpg
21766,myntradataset\images\21766.jpg,21766.jpg
1754,myntradataset\images\1754.jpg,1754.jpg
49103,myntradataset\images\49103.jpg,49103.jpg
20065,myntradataset\images\20065.jpg,20065.jpg
13711,myntradataset\images\13711.jpg,13711.jpg
10722,myntradataset\images\10722.jpg,10722.jpg
26731,myntradataset\images\26731.jpg,26731.jpg
23755,myntradataset\images\23755.jpg,23755.jpg
26185,myntradataset\images\26185.jpg,26185.jpg
30344,myntradataset\images\30344.jpg,30344.jpg
58992,myntradataset\images\58992.jpg,58992.jpg
5795,myntradataset\images\5795.jpg,5795.jpg
13774,myntradataset\images\13774.jpg,13774.jpg
55469,myntradataset\images\55469.jpg,55469.jpg
26799,myntradataset\images\26799.jpg,26799.jpg
23196,myntradataset\images\23196.jpg,23196.jpg
11908,myntradataset\images\11908.jpg,11908.jpg
56957,myntradataset\images\56957.jpg,56957.jpg
44401,myntradataset\images\44401.jpg,44401.jpg
27187,myntradataset\images\27187.jpg,27187.jpg
14287,myntradataset\images\14287.jpg,14287.jpg
20624,myntradataset\images\20624.jpg,20624.jpg
6585,myntradataset\images\6585.jpg,6585.jpg
11623,myntradataset\images\11623.jpg,11623.jpg
13390,myntradataset\images\13390.jpg,13390.jpg
25527,myntradataset\images\25527.jpg,25527.jpg
51421,myntradataset\images\51421.jpg,51421.jpg
6802,myntradataset\images\6802.jpg,6802.jpg
11902,myntradataset\images\11902.jpg,11902.jpg
12745,myntradataset\images\12745.jpg,12745.jpg
15772,myntradataset\images\15772.jpg,15772.jpg
39306,myntradataset\images\39306.jpg,39306.jpg
19108,myntradataset\images\19108.jpg,19108.jpg
21791,myntradataset\images\21791.jpg,21791.jpg
8093,myntradataset\images\8093.jpg,8093.jpg
35532,myntradataset\images\35532.jpg,35532.jpg
20280,myntradataset\images\20280.jpg,20280.jpg
19058,myntradataset\images\19058.jpg,19058.jpg
11562,myntradataset\images\11562.jpg,11562.jpg
5421,myntradataset\images\5421.jpg,5421.jpg
18740,myntradataset\images\18740.jpg,18740.jpg
20950,myntradataset\images\20950.jpg,20950.jpg
29011,myntradataset\images\29011.jpg,29011.jpg
37881,myntradataset\images\37881.jpg,37881.jpg
14087,myntradataset\images\14087.jpg,14087.jpg
25938,myntradataset\images\25938.jpg,25938.jpg
2377,myntradataset\images\2377.jpg,2377.jpg
12084,myntradataset\images\12084.jpg,12084.jpg
19171,myntradataset\images\19171.jpg,19171.jpg
13522,myntradataset\images\13522.jpg,13522.jpg
10035,myntradataset\images\10035.jpg,10035.jpg
29612,myntradataset\images\29612.jpg,29612.jpg
38803,myntradataset\images\38803.jpg,38803.jpg
22983,myntradataset\images\22983.jpg,22983.jpg
53084,myntradataset\images\53084.jpg,53084.jpg
35096,myntradataset\images\35096.jpg,35096.jpg
4025,myntradataset\images\4025.jpg,4025.jpg
35999,myntradataset\images\35999.jpg,35999.jpg
16884,myntradataset\images\16884.jpg,16884.jpg
6412,myntradataset\images\6412.jpg,6412.jpg
7594,myntradataset\images\7594.jpg,7594.jpg
15405,myntradataset\images\15405.jpg,15405.jpg
5525,myntradataset\images\5525.jpg,5525.jpg
22111,myntradataset\images\22111.jpg,22111.jpg
4954,myntradataset\images\4954.jpg,4954.jpg
17745,myntradataset\images\17745.jpg,17745.jpg
58254,myntradataset\images\58254.jpg,58254.jpg
10608,myntradataset\images\10608.jpg,10608.jpg
10280,myntradataset\images\10280.jpg,10280.jpg
19513,myntradataset\images\19513.jpg,19513.jpg
47296,myntradataset\images\47296.jpg,47296.jpg
59253,myntradataset\images\59253.jpg,59253.jpg
1654,myntradataset\images\1654.jpg,1654.jpg
19406,myntradataset\images\19406.jpg,19406.jpg
39142,myntradataset\images\39142.jpg,39142.jpg
10173,myntradataset\images\10173.jpg,10173.jpg
5841,myntradataset\images\5841.jpg,5841.jpg
6555,myntradataset\images\6555.jpg,6555.jpg
14735,myntradataset\images\14735.jpg,14735.jpg
19520,myntradataset\images\19520.jpg,19520.jpg
15351,myntradataset\images\15351.jpg,15351.jpg
29211,myntradataset\images\29211.jpg,29211.jpg
54375,myntradataset\images\54375.jpg,54375.jpg
1876,myntradataset\images\1876.jpg,1876.jpg
18747,myntradataset\images\18747.jpg,18747.jpg
20584,myntradataset\images\20584.jpg,20584.jpg
25344,myntradataset\images\25344.jpg,25344.jpg
38633,myntradataset\images\38633.jpg,38633.jpg
20098,myntradataset\images\20098.jpg,20098.jpg
24995,myntradataset\images\24995.jpg,24995.jpg
15988,myntradataset\images\15988.jpg,15988.jpg
54049,myntradataset\images\54049.jpg,54049.jpg
10394,myntradataset\images\10394.jpg,10394.jpg
23937,myntradataset\images\23937.jpg,23937.jpg
26703,myntradataset\images\26703.jpg,26703.jpg
36845,myntradataset\images\36845.jpg,36845.jpg
21147,myntradataset\images\21147.jpg,21147.jpg
26382,myntradataset\images\26382.jpg,26382.jpg
10200,myntradataset\images\10200.jpg,10200.jpg
19739,myntradataset\images\19739.jpg,19739.jpg
21689,myntradataset\images\21689.jpg,21689.jpg
34447,myntradataset\images\34447.jpg,34447.jpg
17259,myntradataset\images\17259.jpg,17259.jpg
14164,myntradataset\images\14164.jpg,14164.jpg
35907,myntradataset\images\35907.jpg,35907.jpg
13969,myntradataset\images\13969.jpg,13969.jpg
56452,myntradataset\images\56452.jpg,56452.jpg
44219,myntradataset\images\44219.jpg,44219.jpg
12505,myntradataset\images\12505.jpg,12505.jpg
22072,myntradataset\images\22072.jpg,22072.jpg
22167,myntradataset\images\22167.jpg,22167.jpg
14729,myntradataset\images\14729.jpg,14729.jpg
20495,myntradataset\images\20495.jpg,20495.jpg
38467,myntradataset\images\38467.jpg,38467.jpg
15970,myntradataset\images\15970.jpg,15970.jpg
54155,myntradataset\images\54155.jpg,54155.jpg
46839,myntradataset\images\46839.jpg,46839.jpg
24517,myntradataset\images\24517.jpg,24517.jpg
22933,myntradataset\images\22933.jpg,22933.jpg
10347,myntradataset\images\10347.jpg,10347.jpg
25959,myntradataset\images\25959.jpg,25959.jpg
23885,myntradataset\images\23885.jpg,23885.jpg
40082,myntradataset\images\40082.jpg,40082.jpg
35558,myntradataset\images\35558.jpg,35558.jpg
25043,myntradataset\images\25043.jpg,25043.jpg
56855,myntradataset\images\56855.jpg,56855.jpg
14001,myntradataset\images\14001.jpg,14001.jpg
16636,myntradataset\images\16636.jpg,16636.jpg
18830,myntradataset\images\18830.jpg,18830.jpg
21210,myntradataset\images\21210.jpg,21210.jpg
31966,myntradataset\images\31966.jpg,31966.jpg
13670,myntradataset\images\13670.jpg,13670.jpg
11301,myntradataset\images\11301.jpg,11301.jpg
20024,myntradataset\images\20024.jpg,20024.jpg
12937,myntradataset\images\12937.jpg,12937.jpg
14739,myntradataset\images\14739.jpg,14739.jpg
8466,myntradataset\images\8466.jpg,8466.jpg
4467,myntradataset\images\4467.jpg,4467.jpg
45635,myntradataset\images\45635.jpg,45635.jpg
2015,myntradataset\images\2015.jpg,2015.jpg
8719,myntradataset\images\8719.jpg,8719.jpg
13973,myntradataset\images\13973.jpg,13973.jpg
21686,myntradataset\images\21686.jpg,21686.jpg
26284,myntradataset\images\26284.jpg,26284.jpg
12056,myntradataset\images\12056.jpg,12056.jpg
17852,myntradataset\images\17852.jpg,17852.jpg
3249,myntradataset\images\3249.jpg,3249.jpg
44191,myntradataset\images\44191.jpg,44191.jpg
26684,myntradataset\images\26684.jpg,26684.jpg
23277,myntradataset\images\23277.jpg,23277.jpg
18940,myntradataset\images\18940.jpg,18940.jpg
11305,myntradataset\images\11305.jpg,11305.jpg
40161,myntradataset\images\40161.jpg,40161.jpg
1886,myntradataset\images\1886.jpg,1886.jpg
35705,myntradataset\images\35705.jpg,35705.jpg
16152,myntradataset\images\16152.jpg,16152.jpg
33693,myntradataset\images\33693.jpg,33693.jpg
46483,myntradataset\images\46483.jpg,46483.jpg
20730,myntradataset\images\20730.jpg,20730.jpg
12653,myntradataset\images\12653.jpg,12653.jpg
26996,myntradataset\images\26996.jpg,26996.jpg
21643,myntradataset\images\21643.jpg,21643.jpg
9689,myntradataset\images\9689.jpg,9689.jpg
16344,myntradataset\images\16344.jpg,16344.jpg
15034,myntradataset\images\15034.jpg,15034.jpg
14092,myntradataset\images\14092.jpg,14092.jpg
26279,myntradataset\images\26279.jpg,26279.jpg
52182,myntradataset\images\52182.jpg,52182.jpg
27302,myntradataset\images\27302.jpg,27302.jpg
2270,myntradataset\images\2270.jpg,2270.jpg
2089,myntradataset\images\2089.jpg,2089.jpg
22661,myntradataset\images\22661.jpg,22661.jpg
22739,myntradataset\images\22739.jpg,22739.jpg
11077,myntradataset\images\11077.jpg,11077.jpg
47016,myntradataset\images\47016.jpg,47016.jpg
39544,myntradataset\images\39544.jpg,39544.jpg
13426,myntradataset\images\13426.jpg,13426.jpg
14627,myntradataset\images\14627.jpg,14627.jpg
25198,myntradataset\images\25198.jpg,25198.jpg
22540,myntradataset\images\22540.jpg,22540.jpg
11488,myntradataset\images\11488.jpg,11488.jpg
52087,myntradataset\images\52087.jpg,52087.jpg
14572,myntradataset\images\14572.jpg,14572.jpg
13311,myntradataset\images\13311.jpg,13311.jpg
18643,myntradataset\images\18643.jpg,18643.jpg
18224,myntradataset\images\18224.jpg,18224.jpg
15233,myntradataset\images\15233.jpg,15233.jpg
25876,myntradataset\images\25876.jpg,25876.jpg
19886,myntradataset\images\19886.jpg,19886.jpg
38783,myntradataset\images\38783.jpg,38783.jpg
36285,myntradataset\images\36285.jpg,36285.jpg
19289,myntradataset\images\19289.jpg,19289.jpg
11459,myntradataset\images\11459.jpg,11459.jpg
15934,myntradataset\images\15934.jpg,15934.jpg
30202,myntradataset\images\30202.jpg,30202.jpg
8419,myntradataset\images\8419.jpg,8419.jpg
15740,myntradataset\images\15740.jpg,15740.jpg
14024,myntradataset\images\14024.jpg,14024.jpg
52814,myntradataset\images\52814.jpg,52814.jpg
16145,myntradataset\images\16145.jpg,16145.jpg
14390,myntradataset\images\14390.jpg,14390.jpg
2284,myntradataset\images\2284.jpg,2284.jpg
11178,myntradataset\images\11178.jpg,11178.jpg
23505,myntradataset\images\23505.jpg,23505.jpg
18386,myntradataset\images\18386.jpg,18386.jpg
20122,myntradataset\images\20122.jpg,20122.jpg
28577,myntradataset\images\28577.jpg,28577.jpg
16236,myntradataset\images\16236.jpg,16236.jpg
21695,myntradataset\images\21695.jpg,21695.jpg
13783,myntradataset\images\13783.jpg,13783.jpg
48460,myntradataset\images\48460.jpg,48460.jpg
26280,myntradataset\images\26280.jpg,26280.jpg
45720,myntradataset\images\45720.jpg,45720.jpg
26055,myntradataset\images\26055.jpg,26055.jpg
14176,myntradataset\images\14176.jpg,14176.jpg
24601,myntradataset\images\24601.jpg,24601.jpg
55429,myntradataset\images\55429.jpg,55429.jpg
19556,myntradataset\images\19556.jpg,19556.jpg
22006,myntradataset\images\22006.jpg,22006.jpg
15105,myntradataset\images\15105.jpg,15105.jpg
14456,myntradataset\images\14456.jpg,14456.jpg
25271,myntradataset\images\25271.jpg,25271.jpg
8494,myntradataset\images\8494.jpg,8494.jpg
30141,myntradataset\images\30141.jpg,30141.jpg
39462,myntradataset\images\39462.jpg,39462.jpg
10306,myntradataset\images\10306.jpg,10306.jpg
19287,myntradataset\images\19287.jpg,19287.jpg
16230,myntradataset\images\16230.jpg,16230.jpg
52576,myntradataset\images\52576.jpg,52576.jpg
15211,myntradataset\images\15211.jpg,15211.jpg
34607,myntradataset\images\34607.jpg,34607.jpg
51816,myntradataset\images\51816.jpg,51816.jpg
24346,myntradataset\images\24346.jpg,24346.jpg
25431,myntradataset\images\25431.jpg,25431.jpg
26881,myntradataset\images\26881.jpg,26881.jpg
31627,myntradataset\images\31627.jpg,31627.jpg
17597,myntradataset\images\17597.jpg,17597.jpg
22504,myntradataset\images\22504.jpg,22504.jpg
59297,myntradataset\images\59297.jpg,59297.jpg
26369,myntradataset\images\26369.jpg,26369.jpg
27029,myntradataset\images\27029.jpg,27029.jpg
18411,myntradataset\images\18411.jpg,18411.jpg
32231,myntradataset\images\32231.jpg,32231.jpg
57890,myntradataset\images\57890.jpg,57890.jpg
1731,myntradataset\images\1731.jpg,1731.jpg
56265,myntradataset\images\56265.jpg,56265.jpg
5087,myntradataset\images\5087.jpg,5087.jpg
5400,myntradataset\images\5400.jpg,5400.jpg
53823,myntradataset\images\53823.jpg,53823.jpg
38143,myntradataset\images\38143.jpg,38143.jpg
59944,myntradataset\images\59944.jpg,59944.jpg
54482,myntradataset\images\54482.jpg,54482.jpg
7768,myntradataset\images\7768.jpg,7768.jpg
24875,myntradataset\images\24875.jpg,24875.jpg
27579,myntradataset\images\27579.jpg,27579.jpg
19830,myntradataset\images\19830.jpg,19830.jpg
22340,myntradataset\images\22340.jpg,22340.jpg
22142,myntradataset\images\22142.jpg,22142.jpg
49737,myntradataset\images\49737.jpg,49737.jpg
25935,myntradataset\images\25935.jpg,25935.jpg
17975,myntradataset\images\17975.jpg,17975.jpg
15914,myntradataset\images\15914.jpg,15914.jpg
16276,myntradataset\images\16276.jpg,16276.jpg
16951,myntradataset\images\16951.jpg,16951.jpg
38137,myntradataset\images\38137.jpg,38137.jpg
27028,myntradataset\images\27028.jpg,27028.jpg
22322,myntradataset\images\22322.jpg,22322.jpg
11568,myntradataset\images\11568.jpg,11568.jpg
25361,myntradataset\images\25361.jpg,25361.jpg
10360,myntradataset\images\10360.jpg,10360.jpg
4554,myntradataset\images\4554.jpg,4554.jpg
27438,myntradataset\images\27438.jpg,27438.jpg
7382,myntradataset\images\7382.jpg,7382.jpg
22684,myntradataset\images\22684.jpg,22684.jpg
15273,myntradataset\images\15273.jpg,15273.jpg
26903,myntradataset\images\26903.jpg,26903.jpg
5015,myntradataset\images\5015.jpg,5015.jpg
17396,myntradataset\images\17396.jpg,17396.jpg
44279,myntradataset\images\44279.jpg,44279.jpg
24295,myntradataset\images\24295.jpg,24295.jpg
23116,myntradataset\images\23116.jpg,23116.jpg
23401,myntradataset\images\23401.jpg,23401.jpg
14028,myntradataset\images\14028.jpg,14028.jpg
25582,myntradataset\images\25582.jpg,25582.jpg
20637,myntradataset\images\20637.jpg,20637.jpg
16423,myntradataset\images\16423.jpg,16423.jpg
17399,myntradataset\images\17399.jpg,17399.jpg
11386,myntradataset\images\11386.jpg,11386.jpg
50936,myntradataset\images\50936.jpg,50936.jpg
25487,myntradataset\images\25487.jpg,25487.jpg
2895,myntradataset\images\2895.jpg,2895.jpg
19708,myntradataset\images\19708.jpg,19708.jpg
59535,myntradataset\images\59535.jpg,59535.jpg
19524,myntradataset\images\19524.jpg,19524.jpg
11676,myntradataset\images\11676.jpg,11676.jpg
26687,myntradataset\images\26687.jpg,26687.jpg
13733,myntradataset\images\13733.jpg,13733.jpg
17798,myntradataset\images\17798.jpg,17798.jpg
32222,myntradataset\images\32222.jpg,32222.jpg
14816,myntradataset\images\14816.jpg,14816.jpg
2291,myntradataset\images\2291.jpg,2291.jpg
20318,myntradataset\images\20318.jpg,20318.jpg
21385,myntradataset\images\21385.jpg,21385.jpg
54338,myntradataset\images\54338.jpg,54338.jpg
22624,myntradataset\images\22624.jpg,22624.jpg
17165,myntradataset\images\17165.jpg,17165.jpg
11553,myntradataset\images\11553.jpg,11553.jpg
23134,myntradataset\images\23134.jpg,23134.jpg
13922,myntradataset\images\13922.jpg,13922.jpg
12245,myntradataset\images\12245.jpg,12245.jpg
14108,myntradataset\images\14108.jpg,14108.jpg
11724,myntradataset\images\11724.jpg,11724.jpg
23792,myntradataset\images\23792.jpg,23792.jpg
36769,myntradataset\images\36769.jpg,36769.jpg
43994,myntradataset\images\43994.jpg,43994.jpg
58624,myntradataset\images\58624.jpg,58624.jpg
10741,myntradataset\images\10741.jpg,10741.jpg
2578,myntradataset\images\2578.jpg,2578.jpg
17451,myntradataset\images\17451.jpg,17451.jpg
30952,myntradataset\images\30952.jpg,30952.jpg
25777,myntradataset\images\25777.jpg,25777.jpg
58549,myntradataset\images\58549.jpg,58549.jpg
18825,myntradataset\images\18825.jpg,18825.jpg
13319,myntradataset\images\13319.jpg,13319.jpg
25788,myntradataset\images\25788.jpg,25788.jpg
59682,myntradataset\images\59682.jpg,59682.jpg
22386,myntradataset\images\22386.jpg,22386.jpg
17983,myntradataset\images\17983.jpg,17983.jpg
30726,myntradataset\images\30726.jpg,30726.jpg
12616,myntradataset\images\12616.jpg,12616.jpg
11025,myntradataset\images\11025.jpg,11025.jpg
17785,myntradataset\images\17785.jpg,17785.jpg
17871,myntradataset\images\17871.jpg,17871.jpg
26608,myntradataset\images\26608.jpg,26608.jpg
17250,myntradataset\images\17250.jpg,17250.jpg
46323,myntradataset\images\46323.jpg,46323.jpg
10142,myntradataset\images\10142.jpg,10142.jpg
21812,myntradataset\images\21812.jpg,21812.jpg
3191,myntradataset\images\3191.jpg,3191.jpg
20004,myntradataset\images\20004.jpg,20004.jpg
14803,myntradataset\images\14803.jpg,14803.jpg
12932,myntradataset\images\12932.jpg,12932.jpg
24987,myntradataset\images\24987.jpg,24987.jpg
13202,myntradataset\images\13202.jpg,13202.jpg
17285,myntradataset\images\17285.jpg,17285.jpg
10499,myntradataset\images\10499.jpg,10499.jpg
12014,myntradataset\images\12014.jpg,12014.jpg
18629,myntradataset\images\18629.jpg,18629.jpg
2664,myntradataset\images\2664.jpg,2664.jpg
7858,myntradataset\images\7858.jpg,7858.jpg
58978,myntradataset\images\58978.jpg,58978.jpg
29821,myntradataset\images\29821.jpg,29821.jpg
15866,myntradataset\images\15866.jpg,15866.jpg
13715,myntradataset\images\13715.jpg,13715.jpg
44790,myntradataset\images\44790.jpg,44790.jpg
20138,myntradataset\images\20138.jpg,20138.jpg
22082,myntradataset\images\22082.jpg,22082.jpg
40301,myntradataset\images\40301.jpg,40301.jpg
42232,myntradataset\images\42232.jpg,42232.jpg
32579,myntradataset\images\32579.jpg,32579.jpg
26871,myntradataset\images\26871.jpg,26871.jpg
8383,myntradataset\images\8383.jpg,8383.jpg
48099,myntradataset\images\48099.jpg,48099.jpg
20410,myntradataset\images\20410.jpg,20410.jpg
19067,myntradataset\images\19067.jpg,19067.jpg
7581,myntradataset\images\7581.jpg,7581.jpg
19555,myntradataset\images\19555.jpg,19555.jpg
16449,myntradataset\images\16449.jpg,16449.jpg
6206,myntradataset\images\6206.jpg,6206.jpg
29202,myntradataset\images\29202.jpg,29202.jpg
31450,myntradataset\images\31450.jpg,31450.jpg
23762,myntradataset\images\23762.jpg,23762.jpg
16002,myntradataset\images\16002.jpg,16002.jpg
33558,myntradataset\images\33558.jpg,33558.jpg
14769,myntradataset\images\14769.jpg,14769.jpg
20180,myntradataset\images\20180.jpg,20180.jpg
12907,myntradataset\images\12907.jpg,12907.jpg
15399,myntradataset\images\15399.jpg,15399.jpg
35043,myntradataset\images\35043.jpg,35043.jpg
55557,myntradataset\images\55557.jpg,55557.jpg
19424,myntradataset\images\19424.jpg,19424.jpg
49144,myntradataset\images\49144.jpg,49144.jpg
20781,myntradataset\images\20781.jpg,20781.jpg
27057,myntradataset\images\27057.jpg,27057.jpg
11967,myntradataset\images\11967.jpg,11967.jpg
21483,myntradataset\images\21483.jpg,21483.jpg
13630,myntradataset\images\13630.jpg,13630.jpg
13645,myntradataset\images\13645.jpg,13645.jpg
22263,myntradataset\images\22263.jpg,22263.jpg
12539,myntradataset\images\12539.jpg,12539.jpg
50652,myntradataset\images\50652.jpg,50652.jpg
23716,myntradataset\images\23716.jpg,23716.jpg
39990,myntradataset\images\39990.jpg,39990.jpg
56963,myntradataset\images\56963.jpg,56963.jpg
14555,myntradataset\images\14555.jpg,14555.jpg
54162,myntradataset\images\54162.jpg,54162.jpg
56916,myntradataset\images\56916.jpg,56916.jpg
56479,myntradataset\images\56479.jpg,56479.jpg
21124,myntradataset\images\21124.jpg,21124.jpg
55535,myntradataset\images\55535.jpg,55535.jpg
34867,myntradataset\images\34867.jpg,34867.jpg
39998,myntradataset\images\39998.jpg,39998.jpg
11263,myntradataset\images\11263.jpg,11263.jpg
56507,myntradataset\images\56507.jpg,56507.jpg
16631,myntradataset\images\16631.jpg,16631.jpg
1649,myntradataset\images\1649.jpg,1649.jpg
13213,myntradataset\images\13213.jpg,13213.jpg
24470,myntradataset\images\24470.jpg,24470.jpg
12414,myntradataset\images\12414.jpg,12414.jpg
20518,myntradataset\images\20518.jpg,20518.jpg
25110,myntradataset\images\25110.jpg,25110.jpg
20885,myntradataset\images\20885.jpg,20885.jpg
12636,myntradataset\images\12636.jpg,12636.jpg
49470,myntradataset\images\49470.jpg,49470.jpg
38015,myntradataset\images\38015.jpg,38015.jpg
24535,myntradataset\images\24535.jpg,24535.jpg
58559,myntradataset\images\58559.jpg,58559.jpg
15304,myntradataset\images\15304.jpg,15304.jpg
29034,myntradataset\images\29034.jpg,29034.jpg
52998,myntradataset\images\52998.jpg,52998.jpg
4103,myntradataset\images\4103.jpg,4103.jpg
13474,myntradataset\images\13474.jpg,13474.jpg
18494,myntradataset\images\18494.jpg,18494.jpg
19599,myntradataset\images\19599.jpg,19599.jpg
12994,myntradataset\images\12994.jpg,12994.jpg
18567,myntradataset\images\18567.jpg,18567.jpg
12623,myntradataset\images\12623.jpg,12623.jpg
23312,myntradataset\images\23312.jpg,23312.jpg
11991,myntradataset\images\11991.jpg,11991.jpg
27883,myntradataset\images\27883.jpg,27883.jpg
37731,myntradataset\images\37731.jpg,37731.jpg
20771,myntradataset\images\20771.jpg,20771.jpg
12856,myntradataset\images\12856.jpg,12856.jpg
30572,myntradataset\images\30572.jpg,30572.jpg
55471,myntradataset\images\55471.jpg,55471.jpg
2649,myntradataset\images\2649.jpg,2649.jpg
15749,myntradataset\images\15749.jpg,15749.jpg
22250,myntradataset\images\22250.jpg,22250.jpg
22284,myntradataset\images\22284.jpg,22284.jpg
2380,myntradataset\images\2380.jpg,2380.jpg
19765,myntradataset\images\19765.jpg,19765.jpg
30761,myntradataset\images\30761.jpg,30761.jpg
30529,myntradataset\images\30529.jpg,30529.jpg
20971,myntradataset\images\20971.jpg,20971.jpg
58270,myntradataset\images\58270.jpg,58270.jpg
15844,myntradataset\images\15844.jpg,15844.jpg
20279,myntradataset\images\20279.jpg,20279.jpg
10455,myntradataset\images\10455.jpg,10455.jpg
16470,myntradataset\images\16470.jpg,16470.jpg
11504,myntradataset\images\11504.jpg,11504.jpg
20887,myntradataset\images\20887.jpg,20887.jpg
7723,myntradataset\images\7723.jpg,7723.jpg
15510,myntradataset\images\15510.jpg,15510.jpg
26138,myntradataset\images\26138.jpg,26138.jpg
58166,myntradataset\images\58166.jpg,58166.jpg
33084,myntradataset\images\33084.jpg,33084.jpg
11703,myntradataset\images\11703.jpg,11703.jpg
19024,myntradataset\images\19024.jpg,19024.jpg
25356,myntradataset\images\25356.jpg,25356.jpg
30754,myntradataset\images\30754.jpg,30754.jpg
59452,myntradataset\images\59452.jpg,59452.jpg
25027,myntradataset\images\25027.jpg,25027.jpg
21762,myntradataset\images\21762.jpg,21762.jpg
32431,myntradataset\images\32431.jpg,32431.jpg
20316,myntradataset\images\20316.jpg,20316.jpg
59508,myntradataset\images\59508.jpg,59508.jpg
17824,myntradataset\images\17824.jpg,17824.jpg
7550,myntradataset\images\7550.jpg,7550.jpg
11420,myntradataset\images\11420.jpg,11420.jpg
10702,myntradataset\images\10702.jpg,10702.jpg
3656,myntradataset\images\3656.jpg,3656.jpg
2179,myntradataset\images\2179.jpg,2179.jpg
27306,myntradataset\images\27306.jpg,27306.jpg
21690,myntradataset\images\21690.jpg,21690.jpg
41871,myntradataset\images\41871.jpg,41871.jpg
24858,myntradataset\images\24858.jpg,24858.jpg
25654,myntradataset\images\25654.jpg,25654.jpg
3983,myntradataset\images\3983.jpg,3983.jpg
38582,myntradataset\images\38582.jpg,38582.jpg
26148,myntradataset\images\26148.jpg,26148.jpg
8553,myntradataset\images\8553.jpg,8553.jpg
6497,myntradataset\images\6497.jpg,6497.jpg
26264,myntradataset\images\26264.jpg,26264.jpg
22289,myntradataset\images\22289.jpg,22289.jpg
7473,myntradataset\images\7473.jpg,7473.jpg
24385,myntradataset\images\24385.jpg,24385.jpg
2044,myntradataset\images\2044.jpg,2044.jpg
47109,myntradataset\images\47109.jpg,47109.jpg
16933,myntradataset\images\16933.jpg,16933.jpg
13238,myntradataset\images\13238.jpg,13238.jpg
19539,myntradataset\images\19539.jpg,19539.jpg
19385,myntradataset\images\19385.jpg,19385.jpg
9454,myntradataset\images\9454.jpg,9454.jpg
24355,myntradataset\images\24355.jpg,24355.jpg
18518,myntradataset\images\18518.jpg,18518.jpg
26181,myntradataset\images\26181.jpg,26181.jpg
20695,myntradataset\images\20695.jpg,20695.jpg
11574,myntradataset\images\11574.jpg,11574.jpg
17152,myntradataset\images\17152.jpg,17152.jpg
6741,myntradataset\images\6741.jpg,6741.jpg
16106,myntradataset\images\16106.jpg,16106.jpg
32509,myntradataset\images\32509.jpg,32509.jpg
22633,myntradataset\images\22633.jpg,22633.jpg
15104,myntradataset\images\15104.jpg,15104.jpg
51020,myntradataset\images\51020.jpg,51020.jpg
40675,myntradataset\images\40675.jpg,40675.jpg
28706,myntradataset\images\28706.jpg,28706.jpg
18356,myntradataset\images\18356.jpg,18356.jpg
13527,myntradataset\images\13527.jpg,13527.jpg
14088,myntradataset\images\14088.jpg,14088.jpg
5859,myntradataset\images\5859.jpg,5859.jpg
16842,myntradataset\images\16842.jpg,16842.jpg
24509,myntradataset\images\24509.jpg,24509.jpg
51232,myntradataset\images\51232.jpg,51232.jpg
13576,myntradataset\images\13576.jpg,13576.jpg
24643,myntradataset\images\24643.jpg,24643.jpg
15285,myntradataset\images\15285.jpg,15285.jpg
40545,myntradataset\images\40545.jpg,40545.jpg
31018,myntradataset\images\31018.jpg,31018.jpg
12936,myntradataset\images\12936.jpg,12936.jpg
10846,myntradataset\images\10846.jpg,10846.jpg
23291,myntradataset\images\23291.jpg,23291.jpg
3817,myntradataset\images\3817.jpg,3817.jpg
21521,myntradataset\images\21521.jpg,21521.jpg
15622,myntradataset\images\15622.jpg,15622.jpg
10642,myntradataset\images\10642.jpg,10642.jpg
51078,myntradataset\images\51078.jpg,51078.jpg
18752,myntradataset\images\18752.jpg,18752.jpg
56211,myntradataset\images\56211.jpg,56211.jpg
49817,myntradataset\images\49817.jpg,49817.jpg
50480,myntradataset\images\50480.jpg,50480.jpg
17535,myntradataset\images\17535.jpg,17535.jpg
56849,myntradataset\images\56849.jpg,56849.jpg
35897,myntradataset\images\35897.jpg,35897.jpg
42937,myntradataset\images\42937.jpg,42937.jpg
23712,myntradataset\images\23712.jpg,23712.jpg
19177,myntradataset\images\19177.jpg,19177.jpg
57986,myntradataset\images\57986.jpg,57986.jpg
46045,myntradataset\images\46045.jpg,46045.jpg
39333,myntradataset\images\39333.jpg,39333.jpg
16857,myntradataset\images\16857.jpg,16857.jpg
13171,myntradataset\images\13171.jpg,13171.jpg
36698,myntradataset\images\36698.jpg,36698.jpg
56309,myntradataset\images\56309.jpg,56309.jpg
41044,myntradataset\images\41044.jpg,41044.jpg
12714,myntradataset\images\12714.jpg,12714.jpg
56995,myntradataset\images\56995.jpg,56995.jpg
22065,myntradataset\images\22065.jpg,22065.jpg
32780,myntradataset\images\32780.jpg,32780.jpg
16999,myntradataset\images\16999.jpg,16999.jpg
21796,myntradataset\images\21796.jpg,21796.jpg
9651,myntradataset\images\9651.jpg,9651.jpg
14612,myntradataset\images\14612.jpg,14612.jpg
25693,myntradataset\images\25693.jpg,25693.jpg
44153,myntradataset\images\44153.jpg,44153.jpg
54182,myntradataset\images\54182.jpg,54182.jpg
45985,myntradataset\images\45985.jpg,45985.jpg
37320,myntradataset\images\37320.jpg,37320.jpg
40417,myntradataset\images\40417.jpg,40417.jpg
38312,myntradataset\images\38312.jpg,38312.jpg
24671,myntradataset\images\24671.jpg,24671.jpg
15754,myntradataset\images\15754.jpg,15754.jpg
13771,myntradataset\images\13771.jpg,13771.jpg
10513,myntradataset\images\10513.jpg,10513.jpg
27110,myntradataset\images\27110.jpg,27110.jpg
20149,myntradataset\images\20149.jpg,20149.jpg
18265,myntradataset\images\18265.jpg,18265.jpg
17534,myntradataset\images\17534.jpg,17534.jpg
2980,myntradataset\images\2980.jpg,2980.jpg
24594,myntradataset\images\24594.jpg,24594.jpg
25039,myntradataset\images\25039.jpg,25039.jpg
58895,myntradataset\images\58895.jpg,58895.jpg
26719,myntradataset\images\26719.jpg,26719.jpg
33026,myntradataset\images\33026.jpg,33026.jpg
17202,myntradataset\images\17202.jpg,17202.jpg
35917,myntradataset\images\35917.jpg,35917.jpg
23315,myntradataset\images\23315.jpg,23315.jpg
16086,myntradataset\images\16086.jpg,16086.jpg
27153,myntradataset\images\27153.jpg,27153.jpg
11767,myntradataset\images\11767.jpg,11767.jpg
19542,myntradataset\images\19542.jpg,19542.jpg
21353,myntradataset\images\21353.jpg,21353.jpg
17778,myntradataset\images\17778.jpg,17778.jpg
27479,myntradataset\images\27479.jpg,27479.jpg
30160,myntradataset\images\30160.jpg,30160.jpg
11203,myntradataset\images\11203.jpg,11203.jpg
28239,myntradataset\images\28239.jpg,28239.jpg
21721,myntradataset\images\21721.jpg,21721.jpg
11856,myntradataset\images\11856.jpg,11856.jpg
21323,myntradataset\images\21323.jpg,21323.jpg
26000,myntradataset\images\26000.jpg,26000.jpg
22465,myntradataset\images\22465.jpg,22465.jpg
16323,myntradataset\images\16323.jpg,16323.jpg
22944,myntradataset\images\22944.jpg,22944.jpg
20785,myntradataset\images\20785.jpg,20785.jpg
23261,myntradataset\images\23261.jpg,23261.jpg
54071,myntradataset\images\54071.jpg,54071.jpg
47115,myntradataset\images\47115.jpg,47115.jpg
34910,myntradataset\images\34910.jpg,34910.jpg
38009,myntradataset\images\38009.jpg,38009.jpg
27609,myntradataset\images\27609.jpg,27609.jpg
17452,myntradataset\images\17452.jpg,17452.jpg
42821,myntradataset\images\42821.jpg,42821.jpg
43618,myntradataset\images\43618.jpg,43618.jpg
18017,myntradataset\images\18017.jpg,18017.jpg
14082,myntradataset\images\14082.jpg,14082.jpg
14726,myntradataset\images\14726.jpg,14726.jpg
10263,myntradataset\images\10263.jpg,10263.jpg
55812,myntradataset\images\55812.jpg,55812.jpg
53473,myntradataset\images\53473.jpg,53473.jpg
2151,myntradataset\images\2151.jpg,2151.jpg
22454,myntradataset\images\22454.jpg,22454.jpg
11809,myntradataset\images\11809.jpg,11809.jpg
17719,myntradataset\images\17719.jpg,17719.jpg
19107,myntradataset\images\19107.jpg,19107.jpg
8529,myntradataset\images\8529.jpg,8529.jpg
2384,myntradataset\images\2384.jpg,2384.jpg
44040,myntradataset\images\44040.jpg,44040.jpg
19666,myntradataset\images\19666.jpg,19666.jpg
11916,myntradataset\images\11916.jpg,11916.jpg
20095,myntradataset\images\20095.jpg,20095.jpg
24974,myntradataset\images\24974.jpg,24974.jpg
29107,myntradataset\images\29107.jpg,29107.jpg
51353,myntradataset\images\51353.jpg,51353.jpg
15709,myntradataset\images\15709.jpg,15709.jpg
3915,myntradataset\images\3915.jpg,3915.jpg
20562,myntradataset\images\20562.jpg,20562.jpg
37683,myntradataset\images\37683.jpg,37683.jpg
46381,myntradataset\images\46381.jpg,46381.jpg
12493,myntradataset\images\12493.jpg,12493.jpg
22010,myntradataset\images\22010.jpg,22010.jpg
15147,myntradataset\images\15147.jpg,15147.jpg
26746,myntradataset\images\26746.jpg,26746.jpg
13380,myntradataset\images\13380.jpg,13380.jpg
20558,myntradataset\images\20558.jpg,20558.jpg
24732,myntradataset\images\24732.jpg,24732.jpg
22905,myntradataset\images\22905.jpg,22905.jpg
15358,myntradataset\images\15358.jpg,15358.jpg
4870,myntradataset\images\4870.jpg,4870.jpg
23167,myntradataset\images\23167.jpg,23167.jpg
27553,myntradataset\images\27553.jpg,27553.jpg
6807,myntradataset\images\6807.jpg,6807.jpg
6655,myntradataset\images\6655.jpg,6655.jpg
26794,myntradataset\images\26794.jpg,26794.jpg
21015,myntradataset\images\21015.jpg,21015.jpg
8442,myntradataset\images\8442.jpg,8442.jpg
27717,myntradataset\images\27717.jpg,27717.jpg
53454,myntradataset\images\53454.jpg,53454.jpg
24648,myntradataset\images\24648.jpg,24648.jpg
18684,myntradataset\images\18684.jpg,18684.jpg
24954,myntradataset\images\24954.jpg,24954.jpg
17740,myntradataset\images\17740.jpg,17740.jpg
14371,myntradataset\images\14371.jpg,14371.jpg
12533,myntradataset\images\12533.jpg,12533.jpg
23565,myntradataset\images\23565.jpg,23565.jpg
34963,myntradataset\images\34963.jpg,34963.jpg
23856,myntradataset\images\23856.jpg,23856.jpg
16812,myntradataset\images\16812.jpg,16812.jpg
19549,myntradataset\images\19549.jpg,19549.jpg
4903,myntradataset\images\4903.jpg,4903.jpg
22462,myntradataset\images\22462.jpg,22462.jpg
16163,myntradataset\images\16163.jpg,16163.jpg
26801,myntradataset\images\26801.jpg,26801.jpg
14396,myntradataset\images\14396.jpg,14396.jpg
46383,myntradataset\images\46383.jpg,46383.jpg
13078,myntradataset\images\13078.jpg,13078.jpg
14312,myntradataset\images\14312.jpg,14312.jpg
25914,myntradataset\images\25914.jpg,25914.jpg
55338,myntradataset\images\55338.jpg,55338.jpg
24443,myntradataset\images\24443.jpg,24443.jpg
46195,myntradataset\images\46195.jpg,46195.jpg
22868,myntradataset\images\22868.jpg,22868.jpg
8153,myntradataset\images\8153.jpg,8153.jpg
47662,myntradataset\images\47662.jpg,47662.jpg
19819,myntradataset\images\19819.jpg,19819.jpg
20615,myntradataset\images\20615.jpg,20615.jpg
32287,myntradataset\images\32287.jpg,32287.jpg
10758,myntradataset\images\10758.jpg,10758.jpg
20045,myntradataset\images\20045.jpg,20045.jpg
12568,myntradataset\images\12568.jpg,12568.jpg
18491,myntradataset\images\18491.jpg,18491.jpg
14294,myntradataset\images\14294.jpg,14294.jpg
21198,myntradataset\images\21198.jpg,21198.jpg
20986,myntradataset\images\20986.jpg,20986.jpg
25760,myntradataset\images\25760.jpg,25760.jpg
56864,myntradataset\images\56864.jpg,56864.jpg
59993,myntradataset\images\59993.jpg,59993.jpg
58057,myntradataset\images\58057.jpg,58057.jpg
10351,myntradataset\images\10351.jpg,10351.jpg
22998,myntradataset\images\22998.jpg,22998.jpg
26725,myntradataset\images\26725.jpg,26725.jpg
35105,myntradataset\images\35105.jpg,35105.jpg
18600,myntradataset\images\18600.jpg,18600.jpg
46494,myntradataset\images\46494.jpg,46494.jpg
42967,myntradataset\images\42967.jpg,42967.jpg
25643,myntradataset\images\25643.jpg,25643.jpg
24074,myntradataset\images\24074.jpg,24074.jpg
22176,myntradataset\images\22176.jpg,22176.jpg
23323,myntradataset\images\23323.jpg,23323.jpg
21660,myntradataset\images\21660.jpg,21660.jpg
13908,myntradataset\images\13908.jpg,13908.jpg
14875,myntradataset\images\14875.jpg,14875.jpg
47249,myntradataset\images\47249.jpg,47249.jpg
12943,myntradataset\images\12943.jpg,12943.jpg
17481,myntradataset\images\17481.jpg,17481.jpg
19285,myntradataset\images\19285.jpg,19285.jpg
14519,myntradataset\images\14519.jpg,14519.jpg
10430,myntradataset\images\10430.jpg,10430.jpg
38789,myntradataset\images\38789.jpg,38789.jpg
22524,myntradataset\images\22524.jpg,22524.jpg
21016,myntradataset\images\21016.jpg,21016.jpg
16986,myntradataset\images\16986.jpg,16986.jpg
14329,myntradataset\images\14329.jpg,14329.jpg
20484,myntradataset\images\20484.jpg,20484.jpg
27846,myntradataset\images\27846.jpg,27846.jpg
13859,myntradataset\images\13859.jpg,13859.jpg
21888,myntradataset\images\21888.jpg,21888.jpg
22124,myntradataset\images\22124.jpg,22124.jpg
52045,myntradataset\images\52045.jpg,52045.jpg
39967,myntradataset\images\39967.jpg,39967.jpg
27150,myntradataset\images\27150.jpg,27150.jpg
16955,myntradataset\images\16955.jpg,16955.jpg
24172,myntradataset\images\24172.jpg,24172.jpg
49767,myntradataset\images\49767.jpg,49767.jpg
40125,myntradataset\images\40125.jpg,40125.jpg
19430,myntradataset\images\19430.jpg,19430.jpg
55196,myntradataset\images\55196.jpg,55196.jpg
24360,myntradataset\images\24360.jpg,24360.jpg
9352,myntradataset\images\9352.jpg,9352.jpg
2557,myntradataset\images\2557.jpg,2557.jpg
30714,myntradataset\images\30714.jpg,30714.jpg
13042,myntradataset\images\13042.jpg,13042.jpg
13524,myntradataset\images\13524.jpg,13524.jpg
17527,myntradataset\images\17527.jpg,17527.jpg
14069,myntradataset\images\14069.jpg,14069.jpg
22580,myntradataset\images\22580.jpg,22580.jpg
14545,myntradataset\images\14545.jpg,14545.jpg
20347,myntradataset\images\20347.jpg,20347.jpg
54828,myntradataset\images\54828.jpg,54828.jpg
7758,myntradataset\images\7758.jpg,7758.jpg
25585,myntradataset\images\25585.jpg,25585.jpg
6456,myntradataset\images\6456.jpg,6456.jpg
23535,myntradataset\images\23535.jpg,23535.jpg
19749,myntradataset\images\19749.jpg,19749.jpg
58472,myntradataset\images\58472.jpg,58472.jpg
14602,myntradataset\images\14602.jpg,14602.jpg
14389,myntradataset\images\14389.jpg,14389.jpg
14680,myntradataset\images\14680.jpg,14680.jpg
18551,myntradataset\images\18551.jpg,18551.jpg
26624,myntradataset\images\26624.jpg,26624.jpg
13382,myntradataset\images\13382.jpg,13382.jpg
20668,myntradataset\images\20668.jpg,20668.jpg
22665,myntradataset\images\22665.jpg,22665.jpg
4834,myntradataset\images\4834.jpg,4834.jpg
25907,myntradataset\images\25907.jpg,25907.jpg
19790,myntradataset\images\19790.jpg,19790.jpg
31642,myntradataset\images\31642.jpg,31642.jpg
27327,myntradataset\images\27327.jpg,27327.jpg
25948,myntradataset\images\25948.jpg,25948.jpg
15854,myntradataset\images\15854.jpg,15854.jpg
18469,myntradataset\images\18469.jpg,18469.jpg
18164,myntradataset\images\18164.jpg,18164.jpg
24545,myntradataset\images\24545.jpg,24545.jpg
13682,myntradataset\images\13682.jpg,13682.jpg
28474,myntradataset\images\28474.jpg,28474.jpg
10315,myntradataset\images\10315.jpg,10315.jpg
21497,myntradataset\images\21497.jpg,21497.jpg
15865,myntradataset\images\15865.jpg,15865.jpg
54384,myntradataset\images\54384.jpg,54384.jpg
17315,myntradataset\images\17315.jpg,17315.jpg
14962,myntradataset\images\14962.jpg,14962.jpg
23320,myntradataset\images\23320.jpg,23320.jpg
24409,myntradataset\images\24409.jpg,24409.jpg
37156,myntradataset\images\37156.jpg,37156.jpg
24505,myntradataset\images\24505.jpg,24505.jpg
2550,myntradataset\images\2550.jpg,2550.jpg
33120,myntradataset\images\33120.jpg,33120.jpg
25656,myntradataset\images\25656.jpg,25656.jpg
36581,myntradataset\images\36581.jpg,36581.jpg
22009,myntradataset\images\22009.jpg,22009.jpg
36269,myntradataset\images\36269.jpg,36269.jpg
53683,myntradataset\images\53683.jpg,53683.jpg
3047,myntradataset\images\3047.jpg,3047.jpg
25116,myntradataset\images\25116.jpg,25116.jpg
22999,myntradataset\images\22999.jpg,22999.jpg
21434,myntradataset\images\21434.jpg,21434.jpg
33513,myntradataset\images\33513.jpg,33513.jpg
19344,myntradataset\images\19344.jpg,19344.jpg
19450,myntradataset\images\19450.jpg,19450.jpg
18241,myntradataset\images\18241.jpg,18241.jpg
58294,myntradataset\images\58294.jpg,58294.jpg
19885,myntradataset\images\19885.jpg,19885.jpg
22946,myntradataset\images\22946.jpg,22946.jpg
50587,myntradataset\images\50587.jpg,50587.jpg
2559,myntradataset\images\2559.jpg,2559.jpg
12102,myntradataset\images\12102.jpg,12102.jpg
23648,myntradataset\images\23648.jpg,23648.jpg
18644,myntradataset\images\18644.jpg,18644.jpg
31581,myntradataset\images\31581.jpg,31581.jpg
16614,myntradataset\images\16614.jpg,16614.jpg
20829,myntradataset\images\20829.jpg,20829.jpg
23478,myntradataset\images\23478.jpg,23478.jpg
23788,myntradataset\images\23788.jpg,23788.jpg
22363,myntradataset\images\22363.jpg,22363.jpg
20860,myntradataset\images\20860.jpg,20860.jpg
2668,myntradataset\images\2668.jpg,2668.jpg
19272,myntradataset\images\19272.jpg,19272.jpg
18766,myntradataset\images\18766.jpg,18766.jpg
9573,myntradataset\images\9573.jpg,9573.jpg
12537,myntradataset\images\12537.jpg,12537.jpg
1925,myntradataset\images\1925.jpg,1925.jpg
8314,myntradataset\images\8314.jpg,8314.jpg
14498,myntradataset\images\14498.jpg,14498.jpg
21936,myntradataset\images\21936.jpg,21936.jpg
23088,myntradataset\images\23088.jpg,23088.jpg
14662,myntradataset\images\14662.jpg,14662.jpg
5427,myntradataset\images\5427.jpg,5427.jpg
27690,myntradataset\images\27690.jpg,27690.jpg
9968,myntradataset\images\9968.jpg,9968.jpg
21627,myntradataset\images\21627.jpg,21627.jpg
18008,myntradataset\images\18008.jpg,18008.jpg
2674,myntradataset\images\2674.jpg,2674.jpg
38359,myntradataset\images\38359.jpg,38359.jpg
27365,myntradataset\images\27365.jpg,27365.jpg
20685,myntradataset\images\20685.jpg,20685.jpg
54732,myntradataset\images\54732.jpg,54732.jpg
5963,myntradataset\images\5963.jpg,5963.jpg
8720,myntradataset\images\8720.jpg,8720.jpg
19199,myntradataset\images\19199.jpg,19199.jpg
15377,myntradataset\images\15377.jpg,15377.jpg
53403,myntradataset\images\53403.jpg,53403.jpg
11074,myntradataset\images\11074.jpg,11074.jpg
1539,myntradataset\images\1539.jpg,1539.jpg
12386,myntradataset\images\12386.jpg,12386.jpg
45001,myntradataset\images\45001.jpg,45001.jpg
14933,myntradataset\images\14933.jpg,14933.jpg
24604,myntradataset\images\24604.jpg,24604.jpg
25930,myntradataset\images\25930.jpg,25930.jpg
5619,myntradataset\images\5619.jpg,5619.jpg
54852,myntradataset\images\54852.jpg,54852.jpg
47136,myntradataset\images\47136.jpg,47136.jpg
22226,myntradataset\images\22226.jpg,22226.jpg
14318,myntradataset\images\14318.jpg,14318.jpg
12842,myntradataset\images\12842.jpg,12842.jpg
2318,myntradataset\images\2318.jpg,2318.jpg
27283,myntradataset\images\27283.jpg,27283.jpg
55172,myntradataset\images\55172.jpg,55172.jpg
22937,myntradataset\images\22937.jpg,22937.jpg
26261,myntradataset\images\26261.jpg,26261.jpg
13465,myntradataset\images\13465.jpg,13465.jpg
25073,myntradataset\images\25073.jpg,25073.jpg
12502,myntradataset\images\12502.jpg,12502.jpg
40551,myntradataset\images\40551.jpg,40551.jpg
37723,myntradataset\images\37723.jpg,37723.jpg
15352,myntradataset\images\15352.jpg,15352.jpg
18980,myntradataset\images\18980.jpg,18980.jpg
25491,myntradataset\images\25491.jpg,25491.jpg
38634,myntradataset\images\38634.jpg,38634.jpg
12139,myntradataset\images\12139.jpg,12139.jpg
44831,myntradataset\images\44831.jpg,44831.jpg
26557,myntradataset\images\26557.jpg,26557.jpg
14621,myntradataset\images\14621.jpg,14621.jpg
17994,myntradataset\images\17994.jpg,17994.jpg
18534,myntradataset\images\18534.jpg,18534.jpg
50496,myntradataset\images\50496.jpg,50496.jpg
2544,myntradataset\images\2544.jpg,2544.jpg
37864,myntradataset\images\37864.jpg,37864.jpg
52653,myntradataset\images\52653.jpg,52653.jpg
27449,myntradataset\images\27449.jpg,27449.jpg
10479,myntradataset\images\10479.jpg,10479.jpg
3841,myntradataset\images\3841.jpg,3841.jpg
16425,myntradataset\images\16425.jpg,16425.jpg
16626,myntradataset\images\16626.jpg,16626.jpg
15741,myntradataset\images\15741.jpg,15741.jpg
52331,myntradataset\images\52331.jpg,52331.jpg
7875,myntradataset\images\7875.jpg,7875.jpg
41405,myntradataset\images\41405.jpg,41405.jpg
37563,myntradataset\images\37563.jpg,37563.jpg
37083,myntradataset\images\37083.jpg,37083.jpg
25348,myntradataset\images\25348.jpg,25348.jpg
12066,myntradataset\images\12066.jpg,12066.jpg
22652,myntradataset\images\22652.jpg,22652.jpg
27105,myntradataset\images\27105.jpg,27105.jpg
44781,myntradataset\images\44781.jpg,44781.jpg
46675,myntradataset\images\46675.jpg,46675.jpg
5415,myntradataset\images\5415.jpg,5415.jpg
14120,myntradataset\images\14120.jpg,14120.jpg
29405,myntradataset\images\29405.jpg,29405.jpg
16223,myntradataset\images\16223.jpg,16223.jpg
24091,myntradataset\images\24091.jpg,24091.jpg
2640,myntradataset\images\2640.jpg,2640.jpg
17516,myntradataset\images\17516.jpg,17516.jpg
17450,myntradataset\images\17450.jpg,17450.jpg
59022,myntradataset\images\59022.jpg,59022.jpg
32305,myntradataset\images\32305.jpg,32305.jpg
20990,myntradataset\images\20990.jpg,20990.jpg
4485,myntradataset\images\4485.jpg,4485.jpg
15625,myntradataset\images\15625.jpg,15625.jpg
24414,myntradataset\images\24414.jpg,24414.jpg
2666,myntradataset\images\2666.jpg,2666.jpg
58522,myntradataset\images\58522.jpg,58522.jpg
44095,myntradataset\images\44095.jpg,44095.jpg
45269,myntradataset\images\45269.jpg,45269.jpg
18875,myntradataset\images\18875.jpg,18875.jpg
16960,myntradataset\images\16960.jpg,16960.jpg
45619,myntradataset\images\45619.jpg,45619.jpg
23662,myntradataset\images\23662.jpg,23662.jpg
20115,myntradataset\images\20115.jpg,20115.jpg
19893,myntradataset\images\19893.jpg,19893.jpg
10115,myntradataset\images\10115.jpg,10115.jpg
21063,myntradataset\images\21063.jpg,21063.jpg
21295,myntradataset\images\21295.jpg,21295.jpg
13435,myntradataset\images\13435.jpg,13435.jpg
17727,myntradataset\images\17727.jpg,17727.jpg
19492,myntradataset\images\19492.jpg,19492.jpg
39738,myntradataset\images\39738.jpg,39738.jpg
29384,myntradataset\images\29384.jpg,29384.jpg
23832,myntradataset\images\23832.jpg,23832.jpg
26438,myntradataset\images\26438.jpg,26438.jpg
26292,myntradataset\images\26292.jpg,26292.jpg
57428,myntradataset\images\57428.jpg,57428.jpg
14033,myntradataset\images\14033.jpg,14033.jpg
56993,myntradataset\images\56993.jpg,56993.jpg
14774,myntradataset\images\14774.jpg,14774.jpg
26489,myntradataset\images\26489.jpg,26489.jpg
33765,myntradataset\images\33765.jpg,33765.jpg
36770,myntradataset\images\36770.jpg,36770.jpg
20848,myntradataset\images\20848.jpg,20848.jpg
28860,myntradataset\images\28860.jpg,28860.jpg
24906,myntradataset\images\24906.jpg,24906.jpg
16995,myntradataset\images\16995.jpg,16995.jpg
43158,myntradataset\images\43158.jpg,43158.jpg
25470,myntradataset\images\25470.jpg,25470.jpg
12615,myntradataset\images\12615.jpg,12615.jpg
54718,myntradataset\images\54718.jpg,54718.jpg
54875,myntradataset\images\54875.jpg,54875.jpg
27760,myntradataset\images\27760.jpg,27760.jpg
21395,myntradataset\images\21395.jpg,21395.jpg
18912,myntradataset\images\18912.jpg,18912.jpg
38306,myntradataset\images\38306.jpg,38306.jpg
22545,myntradataset\images\22545.jpg,22545.jpg
15507,myntradataset\images\15507.jpg,15507.jpg
26068,myntradataset\images\26068.jpg,26068.jpg
12506,myntradataset\images\12506.jpg,12506.jpg
16886,myntradataset\images\16886.jpg,16886.jpg
26990,myntradataset\images\26990.jpg,26990.jpg
15110,myntradataset\images\15110.jpg,15110.jpg
36397,myntradataset\images\36397.jpg,36397.jpg
21333,myntradataset\images\21333.jpg,21333.jpg
26436,myntradataset\images\26436.jpg,26436.jpg
38340,myntradataset\images\38340.jpg,38340.jpg
10751,myntradataset\images\10751.jpg,10751.jpg
19627,myntradataset\images\19627.jpg,19627.jpg
58050,myntradataset\images\58050.jpg,58050.jpg
18529,myntradataset\images\18529.jpg,18529.jpg
17821,myntradataset\images\17821.jpg,17821.jpg
2615,myntradataset\images\2615.jpg,2615.jpg
18430,myntradataset\images\18430.jpg,18430.jpg
18270,myntradataset\images\18270.jpg,18270.jpg
10484,myntradataset\images\10484.jpg,10484.jpg
20182,myntradataset\images\20182.jpg,20182.jpg
30542,myntradataset\images\30542.jpg,30542.jpg
19309,myntradataset\images\19309.jpg,19309.jpg
27203,myntradataset\images\27203.jpg,27203.jpg
14637,myntradataset\images\14637.jpg,14637.jpg
22759,myntradataset\images\22759.jpg,22759.jpg
17037,myntradataset\images\17037.jpg,17037.jpg
10864,myntradataset\images\10864.jpg,10864.jpg
1923,myntradataset\images\1923.jpg,1923.jpg
41346,myntradataset\images\41346.jpg,41346.jpg
59219,myntradataset\images\59219.jpg,59219.jpg
16052,myntradataset\images\16052.jpg,16052.jpg
2728,myntradataset\images\2728.jpg,2728.jpg
19218,myntradataset\images\19218.jpg,19218.jpg
12180,myntradataset\images\12180.jpg,12180.jpg
56897,myntradataset\images\56897.jpg,56897.jpg
12731,myntradataset\images\12731.jpg,12731.jpg
11133,myntradataset\images\11133.jpg,11133.jpg
18944,myntradataset\images\18944.jpg,18944.jpg
19725,myntradataset\images\19725.jpg,19725.jpg
57235,myntradataset\images\57235.jpg,57235.jpg
27486,myntradataset\images\27486.jpg,27486.jpg
12959,myntradataset\images\12959.jpg,12959.jpg
13451,myntradataset\images\13451.jpg,13451.jpg
18360,myntradataset\images\18360.jpg,18360.jpg
3413,myntradataset\images\3413.jpg,3413.jpg
26615,myntradataset\images\26615.jpg,26615.jpg
18368,myntradataset\images\18368.jpg,18368.jpg
22346,myntradataset\images\22346.jpg,22346.jpg
38401,myntradataset\images\38401.jpg,38401.jpg
43763,myntradataset\images\43763.jpg,43763.jpg
35358,myntradataset\images\35358.jpg,35358.jpg
29017,myntradataset\images\29017.jpg,29017.jpg
18526,myntradataset\images\18526.jpg,18526.jpg
26958,myntradataset\images\26958.jpg,26958.jpg
26792,myntradataset\images\26792.jpg,26792.jpg
11990,myntradataset\images\11990.jpg,11990.jpg
13416,myntradataset\images\13416.jpg,13416.jpg
23802,myntradataset\images\23802.jpg,23802.jpg
18481,myntradataset\images\18481.jpg,18481.jpg
14781,myntradataset\images\14781.jpg,14781.jpg
45999,myntradataset\images\45999.jpg,45999.jpg
28246,myntradataset\images\28246.jpg,28246.jpg
23052,myntradataset\images\23052.jpg,23052.jpg
23585,myntradataset\images\23585.jpg,23585.jpg
22074,myntradataset\images\22074.jpg,22074.jpg
39813,myntradataset\images\39813.jpg,39813.jpg
38324,myntradataset\images\38324.jpg,38324.jpg
17260,myntradataset\images\17260.jpg,17260.jpg
10804,myntradataset\images\10804.jpg,10804.jpg
17080,myntradataset\images\17080.jpg,17080.jpg
38053,myntradataset\images\38053.jpg,38053.jpg
12013,myntradataset\images\12013.jpg,12013.jpg
53070,myntradataset\images\53070.jpg,53070.jpg
18941,myntradataset\images\18941.jpg,18941.jpg
39727,myntradataset\images\39727.jpg,39727.jpg
16743,myntradataset\images\16743.jpg,16743.jpg
21284,myntradataset\images\21284.jpg,21284.jpg
54731,myntradataset\images\54731.jpg,54731.jpg
25323,myntradataset\images\25323.jpg,25323.jpg
25479,myntradataset\images\25479.jpg,25479.jpg
14326,myntradataset\images\14326.jpg,14326.jpg
21800,myntradataset\images\21800.jpg,21800.jpg
57372,myntradataset\images\57372.jpg,57372.jpg
11146,myntradataset\images\11146.jpg,11146.jpg
22567,myntradataset\images\22567.jpg,22567.jpg
7388,myntradataset\images\7388.jpg,7388.jpg
21193,myntradataset\images\21193.jpg,21193.jpg
9351,myntradataset\images\9351.jpg,9351.jpg
12141,myntradataset\images\12141.jpg,12141.jpg
27429,myntradataset\images\27429.jpg,27429.jpg
56923,myntradataset\images\56923.jpg,56923.jpg
2490,myntradataset\images\2490.jpg,2490.jpg
9921,myntradataset\images\9921.jpg,9921.jpg
3675,myntradataset\images\3675.jpg,3675.jpg
18899,myntradataset\images\18899.jpg,18899.jpg
24929,myntradataset\images\24929.jpg,24929.jpg
14000,myntradataset\images\14000.jpg,14000.jpg
27473,myntradataset\images\27473.jpg,27473.jpg
48583,myntradataset\images\48583.jpg,48583.jpg
50446,myntradataset\images\50446.jpg,50446.jpg
21583,myntradataset\images\21583.jpg,21583.jpg
4523,myntradataset\images\4523.jpg,4523.jpg
18860,myntradataset\images\18860.jpg,18860.jpg
10994,myntradataset\images\10994.jpg,10994.jpg
5071,myntradataset\images\5071.jpg,5071.jpg
43077,myntradataset\images\43077.jpg,43077.jpg
27509,myntradataset\images\27509.jpg,27509.jpg
15748,myntradataset\images\15748.jpg,15748.jpg
22235,myntradataset\images\22235.jpg,22235.jpg
2102,myntradataset\images\2102.jpg,2102.jpg
24252,myntradataset\images\24252.jpg,24252.jpg
11946,myntradataset\images\11946.jpg,11946.jpg
14379,myntradataset\images\14379.jpg,14379.jpg
21701,myntradataset\images\21701.jpg,21701.jpg
17134,myntradataset\images\17134.jpg,17134.jpg
25521,myntradataset\images\25521.jpg,25521.jpg
12046,myntradataset\images\12046.jpg,12046.jpg
18990,myntradataset\images\18990.jpg,18990.jpg
3658,myntradataset\images\3658.jpg,3658.jpg
12120,myntradataset\images\12120.jpg,12120.jpg
42098,myntradataset\images\42098.jpg,42098.jpg
53453,myntradataset\images\53453.jpg,53453.jpg
19700,myntradataset\images\19700.jpg,19700.jpg
19867,myntradataset\images\19867.jpg,19867.jpg
33111,myntradataset\images\33111.jpg,33111.jpg
2661,myntradataset\images\2661.jpg,2661.jpg
18050,myntradataset\images\18050.jpg,18050.jpg
10391,myntradataset\images\10391.jpg,10391.jpg
36025,myntradataset\images\36025.jpg,36025.jpg
22781,myntradataset\images\22781.jpg,22781.jpg
16051,myntradataset\images\16051.jpg,16051.jpg
48250,myntradataset\images\48250.jpg,48250.jpg
49933,myntradataset\images\49933.jpg,49933.jpg
2201,myntradataset\images\2201.jpg,2201.jpg
26880,myntradataset\images\26880.jpg,26880.jpg
23921,myntradataset\images\23921.jpg,23921.jpg
11699,myntradataset\images\11699.jpg,11699.jpg
13502,myntradataset\images\13502.jpg,13502.jpg
23833,myntradataset\images\23833.jpg,23833.jpg
31177,myntradataset\images\31177.jpg,31177.jpg
12713,myntradataset\images\12713.jpg,12713.jpg
45934,myntradataset\images\45934.jpg,45934.jpg
20215,myntradataset\images\20215.jpg,20215.jpg
25400,myntradataset\images\25400.jpg,25400.jpg
25261,myntradataset\images\25261.jpg,25261.jpg
16985,myntradataset\images\16985.jpg,16985.jpg
15721,myntradataset\images\15721.jpg,15721.jpg
49815,myntradataset\images\49815.jpg,49815.jpg
12673,myntradataset\images\12673.jpg,12673.jpg
52659,myntradataset\images\52659.jpg,52659.jpg
41262,myntradataset\images\41262.jpg,41262.jpg
35918,myntradataset\images\35918.jpg,35918.jpg
16405,myntradataset\images\16405.jpg,16405.jpg
18964,myntradataset\images\18964.jpg,18964.jpg
50850,myntradataset\images\50850.jpg,50850.jpg
31020,myntradataset\images\31020.jpg,31020.jpg
15166,myntradataset\images\15166.jpg,15166.jpg
10638,myntradataset\images\10638.jpg,10638.jpg
20330,myntradataset\images\20330.jpg,20330.jpg
26855,myntradataset\images\26855.jpg,26855.jpg
15912,myntradataset\images\15912.jpg,15912.jpg
21963,myntradataset\images\21963.jpg,21963.jpg
16161,myntradataset\images\16161.jpg,16161.jpg
27440,myntradataset\images\27440.jpg,27440.jpg
20593,myntradataset\images\20593.jpg,20593.jpg
13674,myntradataset\images\13674.jpg,13674.jpg
18637,myntradataset\images\18637.jpg,18637.jpg
46766,myntradataset\images\46766.jpg,46766.jpg
26451,myntradataset\images\26451.jpg,26451.jpg
14454,myntradataset\images\14454.jpg,14454.jpg
1868,myntradataset\images\1868.jpg,1868.jpg
11362,myntradataset\images\11362.jpg,11362.jpg
26860,myntradataset\images\26860.jpg,26860.jpg
23559,myntradataset\images\23559.jpg,23559.jpg
25176,myntradataset\images\25176.jpg,25176.jpg
22183,myntradataset\images\22183.jpg,22183.jpg
16339,myntradataset\images\16339.jpg,16339.jpg
19662,myntradataset\images\19662.jpg,19662.jpg
26376,myntradataset\images\26376.jpg,26376.jpg
4461,myntradataset\images\4461.jpg,4461.jpg
24461,myntradataset\images\24461.jpg,24461.jpg
20301,myntradataset\images\20301.jpg,20301.jpg
15902,myntradataset\images\15902.jpg,15902.jpg
45166,myntradataset\images\45166.jpg,45166.jpg
18689,myntradataset\images\18689.jpg,18689.jpg
30813,myntradataset\images\30813.jpg,30813.jpg
25590,myntradataset\images\25590.jpg,25590.jpg
14151,myntradataset\images\14151.jpg,14151.jpg
44660,myntradataset\images\44660.jpg,44660.jpg
2162,myntradataset\images\2162.jpg,2162.jpg
7625,myntradataset\images\7625.jpg,7625.jpg
11136,myntradataset\images\11136.jpg,11136.jpg
9119,myntradataset\images\9119.jpg,9119.jpg
3356,myntradataset\images\3356.jpg,3356.jpg
19493,myntradataset\images\19493.jpg,19493.jpg
47590,myntradataset\images\47590.jpg,47590.jpg
15046,myntradataset\images\15046.jpg,15046.jpg
24730,myntradataset\images\24730.jpg,24730.jpg
27036,myntradataset\images\27036.jpg,27036.jpg
54533,myntradataset\images\54533.jpg,54533.jpg
10144,myntradataset\images\10144.jpg,10144.jpg
46793,myntradataset\images\46793.jpg,46793.jpg
23476,myntradataset\images\23476.jpg,23476.jpg
11166,myntradataset\images\11166.jpg,11166.jpg
21895,myntradataset\images\21895.jpg,21895.jpg
15876,myntradataset\images\15876.jpg,15876.jpg
2253,myntradataset\images\2253.jpg,2253.jpg
54576,myntradataset\images\54576.jpg,54576.jpg
1612,myntradataset\images\1612.jpg,1612.jpg
12546,myntradataset\images\12546.jpg,12546.jpg
18485,myntradataset\images\18485.jpg,18485.jpg
50279,myntradataset\images\50279.jpg,50279.jpg
23442,myntradataset\images\23442.jpg,23442.jpg
37324,myntradataset\images\37324.jpg,37324.jpg
13070,myntradataset\images\13070.jpg,13070.jpg
7678,myntradataset\images\7678.jpg,7678.jpg
15174,myntradataset\images\15174.jpg,15174.jpg
21778,myntradataset\images\21778.jpg,21778.jpg
16232,myntradataset\images\16232.jpg,16232.jpg
21292,myntradataset\images\21292.jpg,21292.jpg
8880,myntradataset\images\8880.jpg,8880.jpg
35992,myntradataset\images\35992.jpg,35992.jpg
12208,myntradataset\images\12208.jpg,12208.jpg
19275,myntradataset\images\19275.jpg,19275.jpg
13784,myntradataset\images\13784.jpg,13784.jpg
